subject_file,channel,fractal_dimension,delta_std_dev,delta_kurtosis,signal_length
s00.csv,ch_0,0.2485161252600009,1.6555543100209094,3.5740929199914895,31000
s00.csv,ch_1,0.31247889259902334,1.561454012156761,5.057047266990331,31000
s00.csv,ch_2,0.2674986599750034,1.6081603511797,3.7836875285356304,31000
s00.csv,ch_3,0.2535049703426052,1.605383793761792,3.3648624104172797,31000
s00.csv,ch_4,0.28083207108031516,1.6669683676646814,5.963827830690257,31000
s00.csv,ch_5,0.2618561425595634,1.7556707767161335,3.6751931238382123,31000
s00.csv,ch_6,0.24481941669207993,1.6186807918467991,4.1482732425281315,31000
s00.csv,ch_7,0.23742264394987314,1.6878389399027616,4.617634657706772,31000
s00.csv,ch_8,0.26470280961414644,1.5130258705906638,3.4176325317216962,31000
s00.csv,ch_9,0.2560685145274763,1.5347864641237714,3.4007208242580003,31000
s00.csv,ch_10,0.2343915842984148,1.5283577777622361,4.20524253253486,31000
s00.csv,ch_11,0.24963226762957566,1.6174441674619922,4.416552947638148,31000
s00.csv,ch_12,0.22848410636195374,1.523940521061698,3.869083412455556,31000
s00.csv,ch_13,0.23140746007135365,1.6345375390277317,4.033250983806638,31000
s00.csv,ch_14,0.2366352793484121,1.892121447613358,3.9631957672448204,31000
s00.csv,ch_15,0.25356038923401214,2.441822542318963,4.918495558020301,31000
s00.csv,ch_16,0.2500114899069346,1.59040729124226,3.3360156108318875,31000
s00.csv,ch_17,0.2731018369998515,1.645481248056814,3.9488844165761297,31000
s00.csv,ch_18,0.23580999114318368,1.491563575049317,3.718434713712888,31000
s01.csv,ch_0,0.27252141464796625,1.364045081723764,4.498938133193856,31000
s01.csv,ch_1,0.2595021641928724,1.3298444935708869,3.9484653601371824,31000
s01.csv,ch_2,0.25676679702540395,1.271400623419627,4.334097207094461,31000
s01.csv,ch_3,0.2715365820918865,1.3114791051602248,3.4536638902093495,31000
s01.csv,ch_4,0.26768591484541265,1.184007356787867,5.893273926279699,31000
s01.csv,ch_5,0.28209278251724224,1.183723256884576,46.94943339231536,31000
s01.csv,ch_6,0.5052952453472589,1.651045547393688,84.23585052751578,31000
s01.csv,ch_7,0.27146484573567403,1.2228413844322483,5.844721704342014,31000
s01.csv,ch_8,0.2532102055597817,1.3043199282463829,6.297310012322216,31000
s01.csv,ch_9,0.3872885047196463,1.2906598787152512,7.0918034583525404,31000
s01.csv,ch_10,0.2433897183944712,1.0692353494442004,17.40249157355634,31000
s01.csv,ch_11,0.2537121308265106,1.209876428859736,4.232164697050078,31000
s01.csv,ch_12,0.27109575207675884,1.297160252009768,8.19300084819033,31000
s01.csv,ch_13,0.36536558217585025,1.8837437547969718,85.64557269495401,31000
s01.csv,ch_14,0.2594738725542474,1.6850549033205524,6.432552930052245,31000
s01.csv,ch_15,0.495847349618467,2.4846156775973047,1762.5851447205591,31000
s01.csv,ch_16,0.2509563144595809,1.3609195429866474,3.610833992154397,31000
s01.csv,ch_17,0.2648992281274498,1.307342234376148,3.604284608443808,31000
s01.csv,ch_18,0.3770839662042584,1.8556024001258016,15.760667779655417,31000
s02.csv,ch_0,0.21680662342728016,2.4229047819757628,3.3528704290584983,31000
s02.csv,ch_1,0.24469929646923758,2.2722045493119687,3.1211985953756596,31000
s02.csv,ch_2,0.24446254087623287,1.5254186529097808,3.1944403462948334,31000
s02.csv,ch_3,0.24211367393452363,1.2975487540442834,3.2312805727884206,31000
s02.csv,ch_4,0.22440941183038304,2.300026000181287,3.2069650783078734,31000
s02.csv,ch_5,0.25446271219420735,1.784185615433884,3.3499789670073383,31000
s02.csv,ch_6,0.23496771855675452,1.8575812523724136,3.212119780766786,31000
s02.csv,ch_7,0.24225945540307123,1.5496099196968969,3.241979538872836,31000
s02.csv,ch_8,0.27044868301029884,1.3905157649204067,3.301556718376233,31000
s02.csv,ch_9,0.25479623717623306,1.4062894109241577,3.275430277419001,31000
s02.csv,ch_10,0.2370351783364943,1.7430132541616743,3.2919391743713176,31000
s02.csv,ch_11,0.24641575329907595,1.6201880241060764,3.1075848465828817,31000
s02.csv,ch_12,0.24389335707363408,1.57160421845637,3.2972399523067915,31000
s02.csv,ch_13,0.2522938853479455,1.5139914407510475,3.8381480206169054,31000
s02.csv,ch_14,0.26095460996627595,2.4282810876558636,3.3113071903496247,31000
s02.csv,ch_15,0.24640082595799898,2.0735636493301914,3.2559956200367295,31000
s02.csv,ch_16,0.24989974300991322,1.283678720256875,3.399756080746212,31000
s02.csv,ch_17,0.2522889434398215,1.399526146689129,3.3605467926185306,31000
s02.csv,ch_18,0.24698530096683527,1.5210760845547855,3.3947358848326568,31000
s03.csv,ch_0,0.26880452340117494,0.8556594712410637,3.4841639397793265,31000
s03.csv,ch_1,0.22181542664514117,0.862749445506899,3.9028212033958787,31000
s03.csv,ch_2,0.25811799068944835,0.8323673084630616,3.3391660876518614,31000
s03.csv,ch_3,0.25372149043823444,0.8928915614188114,3.235637448332116,31000
s03.csv,ch_4,0.2615234379218324,0.7657509118895406,4.177625711738935,31000
s03.csv,ch_5,0.2561549615614691,0.6389501853967011,3.31134559631659,31000
s03.csv,ch_6,0.2688455838632067,0.66080268079661,3.411349597402349,31000
s03.csv,ch_7,0.25292234157251253,0.7522864012176372,3.325776052457143,31000
s03.csv,ch_8,0.2524005472435623,0.8447908218050951,3.560024595499548,31000
s03.csv,ch_9,0.2500723455869838,0.9386911954468812,3.5218146229259513,31000
s03.csv,ch_10,0.25781678629233135,0.6686179436740802,3.401063768989194,31000
s03.csv,ch_11,0.24845646751804787,1.2682275867131703,3.8537730568050272,31000
s03.csv,ch_12,0.25582878893254235,0.9983690141226144,4.999221333046634,31000
s03.csv,ch_13,0.2487243170278255,1.0213076928490297,4.071789855791358,31000
s03.csv,ch_14,0.23977000940641982,1.0538068245406265,3.826277785569365,31000
s03.csv,ch_15,0.24580407468288026,1.3807890175287232,3.9217655716737405,31000
s03.csv,ch_16,0.2528978586083941,0.8553307292936628,3.4022927951547963,31000
s03.csv,ch_17,0.25525687328221885,0.9255607064661224,3.565228017210705,31000
s03.csv,ch_18,0.2568551780008443,1.105183276495385,3.320522567057885,31000
s04.csv,ch_0,0.2532379748084767,1.29782620069726,3.145183589259678,31000
s04.csv,ch_1,0.2915425647186413,1.3670513295038238,3.7299720980493563,31000
s04.csv,ch_2,0.2525585830807464,1.4503401160482638,3.1378169763100194,31000
s04.csv,ch_3,0.26094724016012927,1.4876565224526548,3.623000283403832,31000
s04.csv,ch_4,0.24939164670882458,1.0096510486796177,3.5775528847974347,31000
s04.csv,ch_5,0.26671635446119935,1.341882732846967,3.2401696046070017,31000
s04.csv,ch_6,0.24851328693005656,1.1805636147282237,3.3257908597652923,31000
s04.csv,ch_7,0.2576330003839646,1.4904808299984178,3.4099046461460794,31000
s04.csv,ch_8,0.2452283912736803,1.6435690585953306,3.358753723372563,31000
s04.csv,ch_9,0.24264237795213278,1.5776332231897379,3.9694156427146225,31000
s04.csv,ch_10,0.2554222207131404,1.1304918232031864,3.2122340516980574,31000
s04.csv,ch_11,0.25124655592237766,1.5390792722575894,3.4048224859614478,31000
s04.csv,ch_12,0.2496018110645046,1.6956554735132505,3.23728903579057,31000
s04.csv,ch_13,0.24302511473960103,1.6451243510748312,4.397424786480368,31000
s04.csv,ch_14,0.24918550127474973,1.6409303243604345,3.5901334887714538,31000
s04.csv,ch_15,0.26755320522129594,1.6757921575684984,3.695543836796842,31000
s04.csv,ch_16,0.25544233047479337,1.4790899933629533,3.1878592201307847,31000
s04.csv,ch_17,0.2539484051582644,1.5372503770070678,3.871803872604502,31000
s04.csv,ch_18,0.25792244850867035,1.5315623782220875,3.4338524587691874,31000
s05.csv,ch_0,0.27759487169721125,1.379155074107472,4.657606152028734,31000
s05.csv,ch_1,0.27916795876114103,1.1852522168903032,13.860409085655172,31000
s05.csv,ch_2,0.25034143414746013,1.1104135307995655,3.4802514391992148,31000
s05.csv,ch_3,0.2726121703266559,1.1913345664942667,3.6271751651787554,31000
s05.csv,ch_4,0.2759645310994751,1.0345421160213846,4.339472846192394,31000
s05.csv,ch_5,0.26437212996971854,0.8539434786049881,3.104133444473454,31000
s05.csv,ch_6,0.2730752104537048,0.9113234034437533,3.603391085895726,31000
s05.csv,ch_7,0.36708286516119254,1.2056748050374766,4.959442057676135,31000
s05.csv,ch_8,0.25130246844841886,1.1742316705452762,3.687005206668917,31000
s05.csv,ch_9,0.25416554731126023,1.302862127281222,3.636788708834292,31000
s05.csv,ch_10,0.2689658564402908,1.0849657322451334,4.393733412335583,31000
s05.csv,ch_11,0.2635348005414279,1.4462686683846275,4.038087190079809,31000
s05.csv,ch_12,0.2505158589981725,1.3880349337635538,4.035047171702684,31000
s05.csv,ch_13,0.2832413462090415,1.923297149237242,4.209442769328756,31000
s05.csv,ch_14,0.2749850619270871,1.9623634588115428,3.742930631394785,31000
s05.csv,ch_15,0.2564286473852397,2.1484141432393478,3.630421583745799,31000
s05.csv,ch_16,0.2568923187730842,1.2151577543059193,3.442624865722088,31000
s05.csv,ch_17,0.2532712987152665,1.2463616570837652,3.7637616689162576,31000
s05.csv,ch_18,0.2621176824132844,1.648823896437435,3.8925195492774325,31000
s06.csv,ch_0,0.26952744331766376,0.9883274277758001,3.23669917477355,31000
s06.csv,ch_1,0.25436970747745724,0.9532274096046366,3.988892487665554,31000
s06.csv,ch_2,0.24430111913178262,1.1530731114438653,4.509676297775897,31000
s06.csv,ch_3,0.24692231791549749,0.9119290205507202,3.2248194740240623,31000
s06.csv,ch_4,0.2712055664840018,0.8007415000687803,7.527033403189184,31000
s06.csv,ch_5,0.2601330121990445,0.7969714736562001,3.500714306215526,31000
s06.csv,ch_6,0.24250131225083502,0.8488890847957057,3.1548550211106257,31000
s06.csv,ch_7,0.25784233913425614,0.8238375267810767,3.574867242604808,31000
s06.csv,ch_8,0.25232612899661483,0.884656964097232,3.290110256670264,31000
s06.csv,ch_9,0.25413631114317065,0.8483167528418475,3.573413571906769,31000
s06.csv,ch_10,0.24335525947398606,1.1775774791757014,3.097952034634832,31000
s06.csv,ch_11,0.25080102701248275,0.8577329767224472,3.498522865202682,31000
s06.csv,ch_12,0.2554136787072447,1.046327891255428,3.5141842603196713,31000
s06.csv,ch_13,0.25051836766733665,0.9049399329985532,3.587198121361863,31000
s06.csv,ch_14,0.23547432977953817,1.2103628192078921,3.3280625785281908,31000
s06.csv,ch_15,0.2475377290813684,1.0470922544567378,3.2583710230524625,31000
s06.csv,ch_16,0.24897893520234585,0.896732163637878,3.176095563843254,31000
s06.csv,ch_17,0.2674249944449603,0.8871393486755766,4.427707020789484,31000
s06.csv,ch_18,0.2492035386824318,0.9418163268910195,3.574555446197899,31000
s07.csv,ch_0,0.25991870299541386,1.1051159633434555,3.26771525938193,31000
s07.csv,ch_1,0.2735760546386448,1.5386860768673338,3.9031830338847215,31000
s07.csv,ch_2,0.2666621276494385,1.081859970635861,4.581252636378249,31000
s07.csv,ch_3,0.25545043784256405,1.2003964739885955,5.5108084218040485,31000
s07.csv,ch_4,0.2628290379780039,0.9264564889297485,3.6871727113409527,31000
s07.csv,ch_5,0.2542174868580528,1.422798479417215,4.237625437197984,31000
s07.csv,ch_6,0.2593736163008621,0.9705616156115845,7.979807733272495,31000
s07.csv,ch_7,0.23824949399667605,1.3432285515814404,3.36713482429663,31000
s07.csv,ch_8,0.2536388731318574,1.2634893864097976,3.623872292666224,31000
s07.csv,ch_9,0.24841338653136436,1.2222513653520595,6.678066138249052,31000
s07.csv,ch_10,0.24741227258426202,0.9533101094916965,3.628476013657356,31000
s07.csv,ch_11,0.2488987097576833,0.9756270016482608,3.5660022404026357,31000
s07.csv,ch_12,0.2579042332771719,1.180672648060535,3.814232930125003,31000
s07.csv,ch_13,0.24734018837590427,1.3497754950995904,4.582454646225755,31000
s07.csv,ch_14,0.30964458729844496,1.3278006005531462,60.64564298812225,31000
s07.csv,ch_15,0.24917234772785607,1.3397206674527018,5.0962407174762525,31000
s07.csv,ch_16,0.26997971955694744,0.9902525500941902,4.5931709278182575,31000
s07.csv,ch_17,0.25662579155641074,1.1001681049085168,5.349442431694351,31000
s07.csv,ch_18,0.25075869594501954,1.1898789795823008,5.574921930384568,31000
s08.csv,ch_0,0.27299793920486654,0.9360091778079952,3.7428513551081464,31000
s08.csv,ch_1,0.27734174006484236,0.9238756582938207,3.179016615385991,31000
s08.csv,ch_2,0.25804409340919904,0.7972378101446721,3.247707540061071,31000
s08.csv,ch_3,0.2580421482158551,0.8902664981608176,3.217291913436532,31000
s08.csv,ch_4,0.26213908763893745,0.8428978674407153,3.216738695901958,31000
s08.csv,ch_5,0.26743830654110257,0.7700867908656696,3.3130350794088215,31000
s08.csv,ch_6,0.2519350755355562,0.7239466963751109,3.143203142448915,31000
s08.csv,ch_7,0.2471920703648307,0.730175787881988,3.2470133127750613,31000
s08.csv,ch_8,0.2578348827072743,0.7825770373927504,3.2513272119461365,31000
s08.csv,ch_9,0.24907386841371393,0.810360827221478,3.1134851600389437,31000
s08.csv,ch_10,0.2583487790030324,0.7703707858796718,3.29323614740317,31000
s08.csv,ch_11,0.2545142633590648,0.9710047868579915,3.23255558201106,31000
s08.csv,ch_12,0.2486219186428488,0.8517984209327302,3.5662559472212316,31000
s08.csv,ch_13,0.25076913890131475,0.9512655922107591,3.1819389932028885,31000
s08.csv,ch_14,0.25359884000555044,1.105002850640638,3.4094221046015734,31000
s08.csv,ch_15,0.2404706414360364,1.2005380578795122,3.3532126736656163,31000
s08.csv,ch_16,0.25908804782985306,0.8106953056539249,3.1882268993729594,31000
s08.csv,ch_17,0.24346198299008992,0.8574567961167788,4.2852182238937475,31000
s08.csv,ch_18,0.251033125442659,0.911965916679268,3.320334997519041,31000
s09.csv,ch_0,0.2871389258983918,0.8603411578912138,4.364617815087341,31000
s09.csv,ch_1,0.25831573901592736,0.8221355508086469,5.437718402429102,31000
s09.csv,ch_2,0.2591124580207435,0.920069096281788,3.2836670833093913,31000
s09.csv,ch_3,0.25614000941283027,0.9005111562062649,3.3578075742737674,31000
s09.csv,ch_4,0.26524726170968305,0.9575053938182094,4.8754867752069835,31000
s09.csv,ch_5,0.2556584668149077,0.8540408794095555,3.6907391969031798,31000
s09.csv,ch_6,0.2529335641083442,0.7324835633069389,3.5509990991095144,31000
s09.csv,ch_7,0.26134637406697836,0.8403433366726432,3.6480436926026254,31000
s09.csv,ch_8,0.2606572676282334,0.8900373511049228,3.4780668366947425,31000
s09.csv,ch_9,0.24773564675183535,0.9442977791329655,3.610972015253471,31000
s09.csv,ch_10,0.26231140800125785,0.7608699243551769,3.6146910750898553,31000
s09.csv,ch_11,0.23942195272182498,1.0570734041457386,9.053045454757878,31000
s09.csv,ch_12,0.25119212779930367,1.1862039343233308,3.9973199624950895,31000
s09.csv,ch_13,0.25489256672580224,0.9959569396082221,3.8764313474280705,31000
s09.csv,ch_14,0.25562832164226407,0.9913121963892834,4.519172179404577,31000
s09.csv,ch_15,0.24943504806133096,1.0861624490981225,4.984122702222078,31000
s09.csv,ch_16,0.26690194609821566,0.9737815373799662,3.248316310232502,31000
s09.csv,ch_17,0.25612078438593094,1.0151043594616609,3.484103868482179,31000
s09.csv,ch_18,0.25122951345073435,1.0667151788911946,4.098896620557377,31000
s10.csv,ch_0,0.2798310012801302,0.9493831419581162,4.521814544065773,31000
s10.csv,ch_1,0.27442123633836635,1.1227468746935705,3.352155565873647,31000
s10.csv,ch_2,0.257726075619489,1.0023732190856491,3.7390120234857225,31000
s10.csv,ch_3,0.2514748477355168,1.0458354731406463,3.2858754130105177,31000
s10.csv,ch_4,0.2517880052245151,0.7981989805558106,4.034561411015178,31000
s10.csv,ch_5,0.2648537052274798,0.7636311770489318,8.79698816064173,31000
s10.csv,ch_6,0.240852554937107,0.8660791455930572,3.335540478552761,31000
s10.csv,ch_7,0.2735635527898307,0.8420434371536446,5.007012630434932,31000
s10.csv,ch_8,0.25269712348578044,1.0517958702396626,3.541549168159437,31000
s10.csv,ch_9,0.2506697159283189,1.023322350849514,3.0843575457246755,31000
s10.csv,ch_10,0.25084133447321855,0.7668415794305337,3.420587962454808,31000
s10.csv,ch_11,0.2401394340676111,0.9637497207820608,5.283532195412611,31000
s10.csv,ch_12,0.239122959210694,1.3237203246228462,4.763751523130707,31000
s10.csv,ch_13,0.24574297508571805,1.3679046853104766,3.7178149491239947,31000
s10.csv,ch_14,0.24044415034087302,1.5357350617179164,5.323876449436795,31000
s10.csv,ch_15,0.2461987955796011,1.5509749513080113,4.806416730823215,31000
s10.csv,ch_16,0.2628168514667488,1.006036048406404,4.1709139125645365,31000
s10.csv,ch_17,0.25668517251162987,0.9867101117992791,3.2061502896306378,31000
s10.csv,ch_18,0.24530476948457144,1.3690447854980443,4.652222513357033,31000
s11.csv,ch_0,0.25611991742650153,1.0118899243789823,3.3804946037622914,31000
s11.csv,ch_1,0.2559797415975992,1.2037572861773593,5.813963605631053,31000
s11.csv,ch_2,0.24188653331181625,0.9709807924704311,3.53200007214676,31000
s11.csv,ch_3,0.25578223784624765,0.8197921844086031,3.24199304644284,31000
s11.csv,ch_4,0.27473002949535424,0.8028222567775555,5.610735939867721,31000
s11.csv,ch_5,0.2461445303410437,0.8692157611083017,3.3064272385347104,31000
s11.csv,ch_6,0.24493138323162228,0.8325846370911325,5.480780479546089,31000
s11.csv,ch_7,0.22775572854369808,0.7538941099138843,7.410117522664845,31000
s11.csv,ch_8,0.25026723938965156,0.7464149406704007,3.3349046248256418,31000
s11.csv,ch_9,0.247596930862178,0.8741985257085318,4.004119706331291,31000
s11.csv,ch_10,0.26782536339309426,0.5911262443136354,3.651405348667358,31000
s11.csv,ch_11,0.24824497673949353,0.7626121476140642,4.405918589708194,31000
s11.csv,ch_12,0.25374196755672956,0.6715658954143334,3.805366932343766,31000
s11.csv,ch_13,0.25460274928263793,0.7279253596726862,3.605693648425546,31000
s11.csv,ch_14,0.24270788870376894,0.845316427841769,3.993839882334831,31000
s11.csv,ch_15,0.30078888208209753,0.8133303409952353,4.781260861086507,31000
s11.csv,ch_16,0.25332790329391025,0.8447253886961379,3.1166246669907203,31000
s11.csv,ch_17,0.2517268169007479,0.7807104124311216,3.3797584307170268,31000
s11.csv,ch_18,0.25415882761808023,0.7149140409484145,3.6434172621394505,31000
s12.csv,ch_0,0.2428118606363702,1.4588063217758316,3.1368113006414475,31000
s12.csv,ch_1,0.2468633972381698,1.297356597614436,3.333335539293077,31000
s12.csv,ch_2,0.2544185833209177,1.1963162448966882,3.2290821374639815,31000
s12.csv,ch_3,0.24819321686926699,1.150009608583111,3.290813347798872,31000
s12.csv,ch_4,0.23431528610853603,1.3250170898471711,3.172362603650231,31000
s12.csv,ch_5,0.24834143630622188,1.410512369661187,3.32771796950122,31000
s12.csv,ch_6,0.248468022889519,1.1614977241311153,3.2670550445227797,31000
s12.csv,ch_7,0.2533051276753448,1.7078348249245208,3.5951976527483755,31000
s12.csv,ch_8,0.2640193432258958,1.2393561170002383,3.7102133587301136,31000
s12.csv,ch_9,0.2507406975791833,1.5342957765672955,3.1773128261330217,31000
s12.csv,ch_10,0.2495327240984489,1.2044575091357181,3.4052405465483764,31000
s12.csv,ch_11,0.24431842222623018,1.535898223036826,3.45837948098558,31000
s12.csv,ch_12,0.24979129271034547,1.8862547739589495,3.118752414473424,31000
s12.csv,ch_13,0.24661739590869947,1.847544189982522,3.4091462234328436,31000
s12.csv,ch_14,0.2495456741950434,2.209135541705226,3.2197920189899247,31000
s12.csv,ch_15,0.24093006871995631,2.169486047724187,3.800084173823529,31000
s12.csv,ch_16,0.2500618179922204,1.717662213940256,3.626923974931129,31000
s12.csv,ch_17,0.25942858665734453,1.3397722409004698,3.421559772935646,31000
s12.csv,ch_18,0.26147640025207725,1.8331879365877781,3.185054328574289,31000
s13.csv,ch_0,0.322764822807073,0.9517693313883371,6.730482470432498,31000
s13.csv,ch_1,0.322070117448693,0.9358697297668247,11.173268394208417,31000
s13.csv,ch_2,0.2821498042633236,0.8830217834553126,3.485115728391062,31000
s13.csv,ch_3,0.2811596011904951,0.8985814337521739,3.758965117699181,31000
s13.csv,ch_4,0.265715661226654,0.7564728646638853,3.1592767170808114,31000
s13.csv,ch_5,0.298588451248945,0.8370840033961457,6.546823413168195,31000
s13.csv,ch_6,0.2659114495182548,0.6963338495069784,3.3530510514531295,31000
s13.csv,ch_7,0.26909033419768513,0.8225723105607818,3.0689960510157865,31000
s13.csv,ch_8,0.26673997378574893,0.7556916336020663,3.264781443430926,31000
s13.csv,ch_9,0.266117926430479,0.79549019294811,3.1772072331077155,31000
s13.csv,ch_10,0.2769157772326736,0.7070810260043952,3.3009028710819006,31000
s13.csv,ch_11,0.2596947831842364,0.641441601810961,3.141316281126729,31000
s13.csv,ch_12,0.258676387241238,0.7391774987812476,3.16790021877277,31000
s13.csv,ch_13,0.2607712238856893,0.6713940634158412,3.231757483418797,31000
s13.csv,ch_14,0.2619235597469612,0.64258714795978,3.59681128865689,31000
s13.csv,ch_15,0.2583531392814247,0.6573255439056062,3.270397584627109,31000
s13.csv,ch_16,0.276983074634343,0.9332443654364994,3.3877420755230987,31000
s13.csv,ch_17,0.2718454073323522,0.7745657391169504,3.3516226029821325,31000
s13.csv,ch_18,0.26603423462762804,0.7047626290284889,3.158129970864551,31000
s14.csv,ch_0,0.27484955876010475,1.3611051097153506,36.61807603494104,31000
s14.csv,ch_1,0.2893313522972368,1.0802152346842355,322.1469254851426,31000
s14.csv,ch_2,0.2821066699685015,1.1534152939378952,13.50478314680423,31000
s14.csv,ch_3,0.26675847433697336,1.0891248985669562,11.677939684942773,31000
s14.csv,ch_4,0.41076421211006336,1.2656993666138792,134.46955585222298,31000
s14.csv,ch_5,0.33209233386734777,1.0404814763333678,44.484492051338826,31000
s14.csv,ch_6,0.25498494146018863,0.8502637448911091,6.407896501740717,31000
s14.csv,ch_7,0.2726299133680951,1.59299865125917,7.356925851414908,31000
s14.csv,ch_8,0.2742873153800645,1.065430591906297,8.655221734925403,31000
s14.csv,ch_9,0.2724018755703553,1.0895535973057746,8.505671638279123,31000
s14.csv,ch_10,0.34965481907290924,0.817122247502189,8.190100916434323,31000
s14.csv,ch_11,0.25751956141427773,1.0741923967685612,9.913240656317333,31000
s14.csv,ch_12,0.2817005181886336,1.2047920775442884,3.660012975351303,31000
s14.csv,ch_13,0.2557116486999208,1.2667210194467433,3.519363907095749,31000
s14.csv,ch_14,0.25522378274072227,1.2187736245975538,3.6117917728802826,31000
s14.csv,ch_15,0.25364985587912653,1.257598148016744,4.5930722044735,31000
s14.csv,ch_16,0.2707961238131149,1.1043304355822787,7.989288142034811,31000
s14.csv,ch_17,0.27189095568167015,1.0260226930974978,9.35521694111433,31000
s14.csv,ch_18,0.24746593438502285,1.5352766322406446,3.393778546514532,31000
s15.csv,ch_0,0.23947864388448759,1.1694328041040718,3.3495782251422788,31000
s15.csv,ch_1,0.2887167771496908,1.2791804588934195,3.380920913721626,31000
s15.csv,ch_2,0.24039027546022007,1.586676327288836,3.9101931780599233,31000
s15.csv,ch_3,0.25421011286048867,1.3688224558606816,3.5902183147025686,31000
s15.csv,ch_4,0.283982996167119,1.5339498042600384,3.4488583242541977,31000
s15.csv,ch_5,0.25429888877750034,1.1271919448160788,3.4317510984515973,31000
s15.csv,ch_6,0.23877707482753,1.0715321740353707,3.917169708941332,31000
s15.csv,ch_7,0.35746518364930446,1.094959152473406,14.430234335127365,31000
s15.csv,ch_8,0.2504843282116158,1.4082450370551138,3.9119890546327363,31000
s15.csv,ch_9,0.2618439726610182,1.2238643895029613,3.8436681925422094,31000
s15.csv,ch_10,0.24957760028274079,1.2048615279701034,3.9310160115164794,31000
s15.csv,ch_11,0.25111390540105216,1.352237734105556,3.758653129411572,31000
s15.csv,ch_12,0.2726596474119475,2.271434078220633,4.572332727766704,31000
s15.csv,ch_13,0.2569022038814182,1.9953006995121763,4.65361474391332,31000
s15.csv,ch_14,0.31588868088944005,2.3689878322223743,5.586756067532549,31000
s15.csv,ch_15,0.2707907101015252,2.063815823095068,5.062831853798486,31000
s15.csv,ch_16,0.24687029878270106,1.3611174427988846,3.5363540347482822,31000
s15.csv,ch_17,0.253995247610047,1.301973951467904,3.8420899399810327,31000
s15.csv,ch_18,0.25063730221931696,1.8777382353273424,5.206856736264916,31000
s16.csv,ch_0,0.2339905914255082,1.0030878058238333,5.052843744094538,31000
s16.csv,ch_1,0.24081130030176365,1.391508449872941,8.49696928424992,31000
s16.csv,ch_2,0.24330718729345147,1.135627376090768,4.604389285954499,31000
s16.csv,ch_3,0.2494920219136311,1.3972417061172324,5.444974273162933,31000
s16.csv,ch_4,0.23262287462028397,1.1274651567397056,5.62777999244296,31000
s16.csv,ch_5,0.2639423214740773,1.4745592096705653,5.337042838249771,31000
s16.csv,ch_6,0.25195334103992645,1.576103920377367,6.379817635228205,31000
s16.csv,ch_7,0.23623439527177612,1.8850203463249144,8.374729360076971,31000
s16.csv,ch_8,0.24977681684870234,1.1113213319472048,4.294277253409582,31000
s16.csv,ch_9,0.24383522065566599,1.2010557385565552,4.590943081092712,31000
s16.csv,ch_10,0.24488121762066506,1.0979670226958118,5.071655265432429,31000
s16.csv,ch_11,0.2352273176754046,1.5355611881953075,4.54194131169623,31000
s16.csv,ch_12,0.2512469532506003,1.0603747524581901,3.6449959860708305,31000
s16.csv,ch_13,0.24783955720381798,1.0484240420860689,3.7047887234283805,31000
s16.csv,ch_14,0.24947129550152253,1.0778475132658618,3.4139046726066438,31000
s16.csv,ch_15,0.24514734516405537,1.1542487806678803,3.5283375361125806,31000
s16.csv,ch_16,0.2513519629713144,1.0923740877357595,4.178487900300144,31000
s16.csv,ch_17,0.24439788856491274,1.142304904933633,3.8351082487793824,31000
s16.csv,ch_18,0.24985587748003044,1.0763168565086818,3.481270512507935,31000
s17.csv,ch_0,0.31190207732020264,1.0615612363512943,9.348381982470602,31000
s17.csv,ch_1,0.3093822080328936,1.5652857263537034,5.089498240916556,31000
s17.csv,ch_2,0.28684834091617323,1.0551848305370741,5.436100867514074,31000
s17.csv,ch_3,0.2715652228440867,1.115129096254136,4.615206356674036,31000
s17.csv,ch_4,0.28273396740882073,1.0046006310981563,4.439286913908725,31000
s17.csv,ch_5,0.2587063038864992,1.0819329357831717,4.012663952787789,31000
s17.csv,ch_6,0.24532720043548148,0.9358177696703139,3.2011937218641733,31000
s17.csv,ch_7,0.25363687646206207,1.1639428751123908,3.1986078661104287,31000
s17.csv,ch_8,0.25392545172364667,1.0539694766857355,3.217228309004429,31000
s17.csv,ch_9,0.256505261624326,1.0243476082238083,3.1845174114651074,31000
s17.csv,ch_10,0.29459884064696534,1.0389435113106782,3.8852426791819226,31000
s17.csv,ch_11,0.2678014149894114,1.3758119386975283,3.446941176312557,31000
s17.csv,ch_12,0.24646367114969295,1.0029087720996346,3.1743082697950604,31000
s17.csv,ch_13,0.24918453360285595,1.0902800144190452,3.2457592884586566,31000
s17.csv,ch_14,0.23412759444474854,1.2395430622156818,3.661573243621034,31000
s17.csv,ch_15,0.2471437965351567,1.162920041094986,3.3540777485315107,31000
s17.csv,ch_16,0.2575009884668496,1.1074346176765744,3.7881704306095947,31000
s17.csv,ch_17,0.25988202230864765,1.1449627529899367,3.377475036749446,31000
s17.csv,ch_18,0.23353483880161297,1.1487104678616233,3.1637392719814446,31000
s18.csv,ch_0,0.23830923803453835,0.7312981206477666,3.299642454652714,31000
s18.csv,ch_1,0.24273934101929573,0.6727013519236682,3.849635747876051,31000
s18.csv,ch_2,0.24574411642510013,0.8468029366256229,3.1379769653021055,31000
s18.csv,ch_3,0.2487344483207949,1.1479519759245427,3.172261105117589,31000
s18.csv,ch_4,0.21641815465899494,0.7072180396689467,12.091506191400763,31000
s18.csv,ch_5,0.24178413943724786,0.8893737867706653,3.076772543834786,31000
s18.csv,ch_6,0.25194797430831506,0.631445967034534,3.175720049784309,31000
s18.csv,ch_7,0.24503673870145087,0.911028319703546,3.4209464438004873,31000
s18.csv,ch_8,0.24112694980113042,1.1523815243461841,3.2771286583683157,31000
s18.csv,ch_9,0.24791643595561397,0.8276753241032987,3.598095212509801,31000
s18.csv,ch_10,0.2742415153213225,0.73335763679684,6.141596242962473,31000
s18.csv,ch_11,0.24899732121580687,0.8593411762387626,4.294545843424831,31000
s18.csv,ch_12,0.25043492985545246,0.9795372334247473,3.458113430879794,31000
s18.csv,ch_13,0.24566092758764088,0.8387882709554162,3.1914038349942957,31000
s18.csv,ch_14,0.24602754140991662,1.1646025942213292,3.4183034866112902,31000
s18.csv,ch_15,0.29562676617228206,1.0880660301935903,3.850824484861533,31000
s18.csv,ch_16,0.2452627108716484,1.3106585094194554,3.838417503119345,31000
s18.csv,ch_17,0.2508221707122182,0.8378556000945443,3.1368295017477825,31000
s18.csv,ch_18,0.25743983048282754,0.8320744888088561,3.1986134483249886,31000
s19.csv,ch_0,0.23350888421319535,0.9966623315630311,3.650378753294907,31000
s19.csv,ch_1,0.22558691879949563,1.3415599505182663,3.731604599456581,31000
s19.csv,ch_2,0.23750714128344516,1.033037720496901,3.5496338520535096,31000
s19.csv,ch_3,0.24600514715003854,1.161317229854636,3.1256291699595415,31000
s19.csv,ch_4,0.27519994784219526,0.818043260011116,3.4228649364318695,31000
s19.csv,ch_5,0.24466797985212552,1.6661808639258597,3.1830533637223195,31000
s19.csv,ch_6,0.24476644732925162,0.8853148348102055,3.1676103805129396,31000
s19.csv,ch_7,0.22203804943917985,2.8085735893421426,3.833891694119369,31000
s19.csv,ch_8,0.25912842375999684,1.0676691667471192,3.398291619451616,31000
s19.csv,ch_9,0.24621217426263758,1.168798939106691,3.182056608410897,31000
s19.csv,ch_10,0.2525942666071234,0.9419401428171242,3.1938750477913875,31000
s19.csv,ch_11,0.24088029214138681,1.5131977859376047,3.3212938045805465,31000
s19.csv,ch_12,0.2569944646704654,1.2415543076952362,3.314730155085959,31000
s19.csv,ch_13,0.25037485246983676,1.2775485222603986,3.2823440625055613,31000
s19.csv,ch_14,0.24604328205499587,1.149639215225245,3.3395396668549475,31000
s19.csv,ch_15,0.2553886198162106,1.2079331150889538,3.267074429723882,31000
s19.csv,ch_16,0.24816174574987113,1.1386786434625993,3.168490284682109,31000
s19.csv,ch_17,0.251265842400487,1.1945018543843344,3.39534720445549,31000
s19.csv,ch_18,0.25357787126472336,1.1853149525298823,3.35270838523046,31000
s20.csv,ch_0,0.24632175969893033,1.469386868599114,3.997183550695713,31000
s20.csv,ch_1,0.27813393240489565,1.3012772606947076,3.3125590611198152,31000
s20.csv,ch_2,0.24568083998385634,1.4192078710172273,3.350066149051222,31000
s20.csv,ch_3,0.24977552174357245,1.4438217853115263,3.87497717476375,31000
s20.csv,ch_4,0.263028790709248,1.0497925562977963,3.1170182218332743,31000
s20.csv,ch_5,0.2506816850359616,1.20708496123909,3.1247000452564597,31000
s20.csv,ch_6,0.26216278163866197,1.487268053702225,3.5109824354526196,31000
s20.csv,ch_7,0.2693634685361908,1.2252874288423536,3.313700082271288,31000
s20.csv,ch_8,0.25058566211047184,1.3136423401073254,3.128296352840864,31000
s20.csv,ch_9,0.2557561569545144,1.20253491249146,3.2329016374916155,31000
s20.csv,ch_10,0.2588431392942385,1.2031314382010914,3.150103118763424,31000
s20.csv,ch_11,0.2520449199092618,1.0364504966242791,3.1810540966018688,31000
s20.csv,ch_12,0.2479061971930718,1.205453150077476,3.1961915877657923,31000
s20.csv,ch_13,0.2546610555959822,1.0839724955043641,3.3059730694786813,31000
s20.csv,ch_14,0.2510553305615073,1.1810195572671847,3.284135329505272,31000
s20.csv,ch_15,0.28526432221894593,1.1747568878052785,4.481206687254832,31000
s20.csv,ch_16,0.2560193173729948,1.4743228763083358,3.0422672119970593,31000
s20.csv,ch_17,0.2552271915696834,1.150954079290044,3.2668745605083727,31000
s20.csv,ch_18,0.24597412773375385,1.3796208386073552,3.321350930221158,31000
s21.csv,ch_0,0.3237368461020439,0.969526670948152,5.0384245009622,31000
s21.csv,ch_1,0.2857821382971951,1.3602235393389137,4.781712298460505,31000
s21.csv,ch_2,0.24526562667663604,0.9924664083195942,3.4657815396371965,31000
s21.csv,ch_3,0.23819370017300162,1.2025786288960527,3.3096399406944927,31000
s21.csv,ch_4,0.2695941363187467,0.9086545133931406,3.342844362406478,31000
s21.csv,ch_5,0.249337518102563,1.0677787602314597,3.5297073809425683,31000
s21.csv,ch_6,0.24452843207550906,0.779678223713459,3.539551768503757,31000
s21.csv,ch_7,0.2513135779816138,1.023156306070425,3.618347264653492,31000
s21.csv,ch_8,0.24213733280005617,1.0426946280079046,3.5518353053353007,31000
s21.csv,ch_9,0.2435862272397992,1.095291510958972,3.4439513960468773,31000
s21.csv,ch_10,0.2428163727191131,0.7539297732197228,3.410614631039082,31000
s21.csv,ch_11,0.24719981262297638,0.8640606886428419,3.560563592713331,31000
s21.csv,ch_12,0.24489507644565062,0.973970822719437,3.3504417239115925,31000
s21.csv,ch_13,0.2364229733102672,0.9980154169065051,3.323723316280191,31000
s21.csv,ch_14,0.2569580381446545,1.2257864461460828,3.3634573519350504,31000
s21.csv,ch_15,0.27882191963304775,1.229162098864534,3.715404714293357,31000
s21.csv,ch_16,0.2473577556317292,1.2066053540199795,3.4157638175832616,31000
s21.csv,ch_17,0.24270224866565276,1.1546492965731492,3.43109831059647,31000
s21.csv,ch_18,0.25214551711690697,1.2094331852507798,3.318901304100925,31000
s22.csv,ch_0,0.3484372427643443,1.1909833594161898,8.148980630248676,31000
s22.csv,ch_1,0.3177142204086727,1.2787803922672376,4.1164949280465315,31000
s22.csv,ch_2,0.2563505884394303,1.3030265425539944,3.4940800191983303,31000
s22.csv,ch_3,0.254033200108891,1.6026027518230048,3.215609081943555,31000
s22.csv,ch_4,0.3015607863386926,1.021779703267244,3.8702443294603497,31000
s22.csv,ch_5,0.2296669156014995,1.1196497454269791,3.5411135771596283,31000
s22.csv,ch_6,0.25557593693608,0.9822320631595275,3.3500940987717813,31000
s22.csv,ch_7,0.252162224112436,1.5968276157699028,3.5100608099590014,31000
s22.csv,ch_8,0.242661131698581,1.229675908341249,3.583109805000526,31000
s22.csv,ch_9,0.24376850882795031,1.2752604839074893,3.621630971492144,31000
s22.csv,ch_10,0.29423207632939563,1.003289441427026,4.293099762828058,31000
s22.csv,ch_11,0.25513893589171555,1.183829106818402,7.078117575032029,31000
s22.csv,ch_12,0.2521891768268151,1.121013067664155,3.8421405468001857,31000
s22.csv,ch_13,0.236740660301658,1.2423529937730446,4.801550624188123,31000
s22.csv,ch_14,0.24070742375792456,1.3217316391881633,4.781669798758256,31000
s22.csv,ch_15,0.2639970343623352,1.6064594613803826,5.189787036300981,31000
s22.csv,ch_16,0.2665278279047628,1.4258313667676559,3.324932502903671,31000
s22.csv,ch_17,0.24822951638409133,1.3135698895574661,3.6126112212950963,31000
s22.csv,ch_18,0.24238251050983817,1.2533898009554971,4.792157341481702,31000
s23.csv,ch_0,0.28557959892621215,1.0689498235805603,3.224297194400485,31000
s23.csv,ch_1,0.256668268665219,1.4055548039264152,3.027243392278823,31000
s23.csv,ch_2,0.24920941703631208,1.1924597931824226,3.152089044017392,31000
s23.csv,ch_3,0.2546671272853454,1.1725246929544642,3.2379341069398593,31000
s23.csv,ch_4,0.2460524171328846,1.2042253446764601,3.256594667162192,31000
s23.csv,ch_5,0.2670477635172887,1.0251383652658643,3.2132832345911786,31000
s23.csv,ch_6,0.25586784607964874,1.088017112480552,3.6627430137794885,31000
s23.csv,ch_7,0.24374369049091393,1.1607959626111264,3.175926600559339,31000
s23.csv,ch_8,0.2541938566336313,1.1566353440517008,3.20904541707056,31000
s23.csv,ch_9,0.249379388249119,1.1137976729842944,3.318277770374712,31000
s23.csv,ch_10,0.24953295507338194,1.0227499227158092,3.2920923367835213,31000
s23.csv,ch_11,0.24931398719421197,1.1143641334069914,3.3980755501412423,31000
s23.csv,ch_12,0.24800492809615735,1.226385081126307,3.350066248614822,31000
s23.csv,ch_13,0.24789522249677834,1.271169338668586,3.613999106007133,31000
s23.csv,ch_14,0.25694586707009104,1.6767132666178892,3.431037704729409,31000
s23.csv,ch_15,0.2515632539461205,1.71628828594732,3.4950383522251935,31000
s23.csv,ch_16,0.24642990279250337,1.20338089079498,3.19912442782883,31000
s23.csv,ch_17,0.24827255423039238,1.1909247199512654,3.197659166644915,31000
s23.csv,ch_18,0.24563776874466886,1.4046073178992458,3.2992526312712323,31000
s24.csv,ch_0,0.3688912073520891,1.1297563715566883,15.753295093566846,31000
s24.csv,ch_1,0.25075921649574584,1.0842776422108085,3.367808687317191,31000
s24.csv,ch_2,0.2556954102048833,1.0458499549645914,3.9159516784140793,31000
s24.csv,ch_3,0.25067616856899194,1.0376156705355468,3.391119235745081,31000
s24.csv,ch_4,0.27308913531032974,0.9558860625091027,3.576580417825199,31000
s24.csv,ch_5,0.2868523078902489,1.0675486540289485,3.44100009394819,31000
s24.csv,ch_6,0.25745759055796286,0.9319475378359485,3.390121878079134,31000
s24.csv,ch_7,0.36826921641120125,1.1694258874860886,7.762642585795279,31000
s24.csv,ch_8,0.2558753639263777,1.0427125020815637,3.400560736024808,31000
s24.csv,ch_9,0.25449929055760956,1.061418019650388,3.400532115366783,31000
s24.csv,ch_10,0.23898807255454899,0.892210360438379,3.3865663510958455,31000
s24.csv,ch_11,0.3081383621205904,0.8766368500046086,4.078939431147437,31000
s24.csv,ch_12,0.2396383886062097,1.2039614507524887,3.4934783475055724,31000
s24.csv,ch_13,0.24523115545701094,1.3633280532294474,3.42464984667213,31000
s24.csv,ch_14,0.43594478314396984,1.4997186465699566,6.842601611135152,31000
s24.csv,ch_15,0.27807750726106256,1.6267875635752354,3.6752970323772627,31000
s24.csv,ch_16,0.24713706664423576,1.0896560433819091,3.6072090103441874,31000
s24.csv,ch_17,0.25063321156963864,1.0842980820201682,3.3763326501451605,31000
s24.csv,ch_18,0.2449978002596141,1.3145685524456294,3.4727863061400437,31000
s25.csv,ch_0,0.3558162313258587,1.1713714334011995,13.745159376418691,31000
s25.csv,ch_1,0.3459704704043348,1.2873254141481432,7.288650624564762,31000
s25.csv,ch_2,0.25805310247800817,1.253363752220513,3.304776396946255,31000
s25.csv,ch_3,0.2597765082522615,1.2940230205781715,3.512400416987704,31000
s25.csv,ch_4,0.25440181494172226,1.1758322825276133,3.8925796387245475,31000
s25.csv,ch_5,0.31266423728333154,1.000064028407368,6.589386617647034,31000
s25.csv,ch_6,0.2575718686383252,1.2940546273859312,3.2695567400959167,31000
s25.csv,ch_7,0.2816572791577836,1.4271051565655168,7.014720611436186,31000
s25.csv,ch_8,0.24846091863115538,1.5843473390338734,3.2223032024571014,31000
s25.csv,ch_9,0.2567787396260399,1.6349994821066172,3.739991242631623,31000
s25.csv,ch_10,0.23711214574335504,1.267593203986464,2.983525745200252,31000
s25.csv,ch_11,0.2828038603372968,1.2642145846119899,4.772137081506155,31000
s25.csv,ch_12,0.24778436578698537,2.251086212484795,2.969293938024434,31000
s25.csv,ch_13,0.24533136090986882,2.160569535957039,2.9756236578522057,31000
s25.csv,ch_14,0.25178416295527417,1.564714879061956,3.232350040872258,31000
s25.csv,ch_15,0.23884179770102767,1.9435397245556785,3.182267804874722,31000
s25.csv,ch_16,0.26562033596809,1.271694902937242,3.3265846075495715,31000
s25.csv,ch_17,0.24539655268398683,1.5944471346797642,3.316624473389203,31000
s25.csv,ch_18,0.251711051075736,2.0701166067995485,3.0732070059677654,31000
s26.csv,ch_0,0.4065363195308329,0.9212037950991125,49.8624388162022,31000
s26.csv,ch_1,0.49641804455784627,0.8648703526837204,517.7633054401425,31000
s26.csv,ch_2,0.30979852411126946,0.7179569210741558,5.148205091037327,31000
s26.csv,ch_3,0.32968664235357825,0.8902588596119172,6.257051925044614,31000
s26.csv,ch_4,0.25164488951171793,0.770594034090856,15.136717646948387,31000
s26.csv,ch_5,0.487994177365864,0.7364305229776568,280.8497504809573,31000
s26.csv,ch_6,0.264787952629646,0.6366863912239573,3.448873713266599,31000
s26.csv,ch_7,0.25066073761663266,0.6108327012346866,5.52626763962163,31000
s26.csv,ch_8,0.2635913133116498,0.7577097750915137,3.496583353130216,31000
s26.csv,ch_9,0.2593457628058929,0.8002543012598442,3.54501374104444,31000
s26.csv,ch_10,0.2608468060570575,0.6471498227189363,3.2404988331101583,31000
s26.csv,ch_11,0.26425013539121817,0.6250337195235038,4.144384545239477,31000
s26.csv,ch_12,0.25721539266893173,0.8192922671964425,3.495341453403701,31000
s26.csv,ch_13,0.25077252352613505,0.8755521692827001,4.020382429236691,31000
s26.csv,ch_14,0.25115473316863324,1.0365696769838395,3.7912364964266843,31000
s26.csv,ch_15,0.24887966372489836,1.1119002850000375,4.041352876004915,31000
s26.csv,ch_16,0.2989412289791572,0.7413962560031684,4.199701872665223,31000
s26.csv,ch_17,0.2547957355011085,0.7389562891419973,3.6045241037122877,31000
s26.csv,ch_18,0.2551587624099974,0.9308885548895167,3.5373777162715636,31000
s27.csv,ch_0,0.2629711707178055,1.273770979484555,4.419916069380638,31000
s27.csv,ch_1,0.23147332521584707,1.6256555902209635,3.345634951310086,31000
s27.csv,ch_2,0.255430191887903,1.05495005578384,3.892760729613167,31000
s27.csv,ch_3,0.25184922083552874,1.1692291162277186,4.345156973653946,31000
s27.csv,ch_4,0.21951097032281383,1.217498761071348,36.03556895635467,31000
s27.csv,ch_5,0.2427709282231365,1.480710088471815,11.328127485775694,31000
s27.csv,ch_6,0.293869906992894,0.9410356426075746,8.128556135819153,31000
s27.csv,ch_7,0.3032942996167609,1.3758484949408458,22.78103009635579,31000
s27.csv,ch_8,0.2879385508813354,0.9543610534886919,5.00429744221898,31000
s27.csv,ch_9,0.24681724203810992,1.0199884067105376,4.443230843632375,31000
s27.csv,ch_10,0.21325335114076316,0.8016736296289138,5.705723108966675,31000
s27.csv,ch_11,0.3763225876153498,0.9615842275618404,10.155299133305352,31000
s27.csv,ch_12,0.2622367550855001,0.88615069816226,3.459490700936245,31000
s27.csv,ch_13,0.2644181765634472,0.9500600874197529,4.8221949744755985,31000
s27.csv,ch_14,0.24399757832571345,0.9310919677949538,4.1035910636528845,31000
s27.csv,ch_15,0.2713607807819311,0.9332647245383021,4.661751524708141,31000
s27.csv,ch_16,0.24533763970620973,1.109822138753296,3.6059716317770136,31000
s27.csv,ch_17,0.24722359275731418,1.0121501946319111,3.703924305601976,31000
s27.csv,ch_18,0.3287498020516852,0.8903646801772718,5.005000554739798,31000
s28.csv,ch_0,0.24335313457570262,1.9734141155897156,3.49130448276194,31000
s28.csv,ch_1,0.25478711002037097,1.9788809039966977,3.2957796914415947,31000
s28.csv,ch_2,0.25132767511386533,1.080272009585622,3.4505898222179905,31000
s28.csv,ch_3,0.2528790365743931,1.1574126948398114,3.384946882405169,31000
s28.csv,ch_4,0.24370543340388004,1.2229535305969146,3.603083556455402,31000
s28.csv,ch_5,0.24544921145621101,1.5383011101753352,3.9213920848445354,31000
s28.csv,ch_6,0.2337230648287229,1.1208092967178351,3.413388483108911,31000
s28.csv,ch_7,0.253709227864851,1.0577527711387322,3.1624979749652016,31000
s28.csv,ch_8,0.23653631938503064,1.1720377846343875,3.3152619598968585,31000
s28.csv,ch_9,0.24155351505699157,1.1799217156978756,3.4013301945216683,31000
s28.csv,ch_10,0.23388255591568077,1.0276460466639568,4.647585019281022,31000
s28.csv,ch_11,0.23515457591611516,1.176227648925985,4.124391954218436,31000
s28.csv,ch_12,0.24016971104541873,1.270107070293935,3.3141257011587437,31000
s28.csv,ch_13,0.25201052115420874,1.193731271971587,3.272853626829555,31000
s28.csv,ch_14,0.23542887610609775,1.3435732945645424,3.495724177949603,31000
s28.csv,ch_15,0.24272743668417063,1.5786349282651544,3.266893843416304,31000
s28.csv,ch_16,0.2465950698976845,1.1632791289484268,3.373591833968054,31000
s28.csv,ch_17,0.24283626396711128,1.246793438485739,3.4366964647878544,31000
s28.csv,ch_18,0.24849206847211866,1.1642375552571105,3.2347601389213896,31000
s29.csv,ch_0,0.25457739303670085,1.4758753264579394,3.9047650225909467,31000
s29.csv,ch_1,0.2426198081414122,1.5069052535974437,3.905544800555657,31000
s29.csv,ch_2,0.25267578065691987,1.4237008531193807,3.40387945034267,31000
s29.csv,ch_3,0.24448279693854758,1.4200674916779252,3.3700967570967935,31000
s29.csv,ch_4,0.303160535729092,1.2169957329605874,5.354501539476985,31000
s29.csv,ch_5,0.23961973513642298,1.2628430386963045,3.4247826615088335,31000
s29.csv,ch_6,0.25148046061201323,1.3073490428164987,3.3459166922870596,31000
s29.csv,ch_7,0.2485129968637979,1.2483109972981439,3.476583217620297,31000
s29.csv,ch_8,0.23903150908235887,1.5030586993584907,3.1676067179211485,31000
s29.csv,ch_9,0.2370672782738568,1.6170670716009317,3.3333173564142204,31000
s29.csv,ch_10,0.2520729317803821,1.075870972122348,3.4272307772361885,31000
s29.csv,ch_11,0.24610741639688455,1.630099800949649,4.083650473063572,31000
s29.csv,ch_12,0.2495967096344418,1.9496892004358306,3.202572168039716,31000
s29.csv,ch_13,0.25987560349312716,2.08773192783853,3.4190555750635325,31000
s29.csv,ch_14,0.24937293190558166,2.640906690279061,3.266844022593919,31000
s29.csv,ch_15,0.2520801280386429,3.0771443416594093,3.361592295942238,31000
s29.csv,ch_16,0.2423906026075201,1.4932805036262946,3.220395434047377,31000
s29.csv,ch_17,0.23711327592191442,1.7229459799045292,3.2680887778756214,31000
s29.csv,ch_18,0.25260687877934007,2.204215091975317,3.1081635142884485,31000
s30.csv,ch_0,0.2820599005107149,0.8897148276249489,3.13203811342478,31000
s30.csv,ch_1,0.2820903036832423,0.8955638237819602,3.4121064045433664,31000
s30.csv,ch_2,0.2635835493374397,0.9581666552558511,3.1476705864246006,31000
s30.csv,ch_3,0.2601529229142452,0.9576814172540683,3.20435749339851,31000
s30.csv,ch_4,0.2791840773292811,0.8247138483817464,3.0837003235105382,31000
s30.csv,ch_5,0.30982419787278187,0.88750261559127,4.9184481419419,31000
s30.csv,ch_6,0.2521521465324943,1.221560524078413,4.765672101760704,31000
s30.csv,ch_7,0.2513718759694838,0.7542437089866051,3.2929126681936376,31000
s30.csv,ch_8,0.2518075844696645,1.2629318057614498,3.3784502589352625,31000
s30.csv,ch_9,0.25682939625133394,1.479462985573874,3.6534979937786902,31000
s30.csv,ch_10,0.250196205094882,0.8852532950419246,3.2631535407648764,31000
s30.csv,ch_11,0.26890507265257263,0.8902674692682506,3.651015946184225,31000
s30.csv,ch_12,0.25314667521158796,1.1567138937213983,3.431564144168455,31000
s30.csv,ch_13,0.4280591801853514,1.210262171567055,21.392837658635237,31000
s30.csv,ch_14,0.2649700798277839,1.1746843703656822,4.062040949317053,31000
s30.csv,ch_15,0.28456947346253214,1.0857625289226827,3.983139140646901,31000
s30.csv,ch_16,0.26144485630843634,1.0306546598768653,3.241204533041862,31000
s30.csv,ch_17,0.24851229675976189,1.2662258640339066,3.8572231985997516,31000
s30.csv,ch_18,0.2348636548116828,1.1991335821430762,11.384680832377024,31000
s31.csv,ch_0,0.47414859583246644,1.269646931164383,56.53765628326489,31000
s31.csv,ch_1,0.2534383180139099,1.2558891659315699,44.27920676635132,31000
s31.csv,ch_2,0.23744887394314707,1.167235420982858,45.472341320450944,31000
s31.csv,ch_3,0.2906008330410881,1.1469537141670654,45.65372280039101,31000
s31.csv,ch_4,0.3552321559537519,1.229332017338606,38.958640057177604,31000
s31.csv,ch_5,0.24464739793140747,1.173845743869724,68.78110713548575,31000
s31.csv,ch_6,0.24442147664423058,0.7923966551895449,15.998394040651354,31000
s31.csv,ch_7,0.2152154154022698,1.4776868781807946,98.3196998727482,31000
s31.csv,ch_8,0.367415583615442,1.1223194493186897,26.899021321140257,31000
s31.csv,ch_9,0.263956820033399,1.2278538136688453,20.163060892435062,31000
s31.csv,ch_10,0.31461597448252654,0.9914331865042326,47.6787856421333,31000
s31.csv,ch_11,0.38757468903396264,1.141071198382991,33.395439392649884,31000
s31.csv,ch_12,0.2894567873782604,1.081597179010361,22.169767215273374,31000
s31.csv,ch_13,0.2533007454765584,1.127537274954875,10.527007083476954,31000
s31.csv,ch_14,0.2612556498843919,1.1081919973760108,12.344141713969186,31000
s31.csv,ch_15,0.24641969920067713,1.1142837966832926,8.703971603948716,31000
s31.csv,ch_16,0.24739881230938246,1.11990393337775,26.676709342522198,31000
s31.csv,ch_17,0.25784837167461633,1.1741921940334903,12.44874013135182,31000
s31.csv,ch_18,0.2541144789163844,1.2584204925631488,9.919754745805305,31000
s32.csv,ch_0,0.2690710071575055,1.5994863061124658,9.110178732486341,31000
s32.csv,ch_1,0.2502401022450234,1.1709223872206729,3.979971942319493,31000
s32.csv,ch_2,0.3786303470183868,1.3316309443665804,63.35517264383446,31000
s32.csv,ch_3,0.25224928447025036,1.2161586745216724,4.891681989538259,31000
s32.csv,ch_4,0.3156485141146381,0.9540039935344611,41.158191466580874,31000
s32.csv,ch_5,0.2572942461937901,1.1174287504652898,3.3415262989096997,31000
s32.csv,ch_6,0.30314922694239793,1.1083808885057347,20.3036301293562,31000
s32.csv,ch_7,0.24679500195989434,1.3046315470109333,4.142778572788032,31000
s32.csv,ch_8,0.26511032206791146,1.4012709226861721,19.327157468852796,31000
s32.csv,ch_9,0.24364886728631177,1.337711142218046,4.203937655196404,31000
s32.csv,ch_10,0.30104577057126175,1.2427570989798347,4.596387224108623,31000
s32.csv,ch_11,0.2511499806330815,1.9365291248287082,3.0183331739984998,31000
s32.csv,ch_12,0.2543671472167036,1.683724040481274,4.11929806781907,31000
s32.csv,ch_13,0.2526885553342063,1.7740227018503694,3.379934994442292,31000
s32.csv,ch_14,0.23979376055303586,2.57544184223214,3.4492713953375405,31000
s32.csv,ch_15,0.24736732271623468,2.301256189595397,3.282281799872156,31000
s32.csv,ch_16,0.25126957889606333,1.2269632228629768,8.95003031412364,31000
s32.csv,ch_17,0.25085989409799664,1.4245614797413617,5.220218362313227,31000
s32.csv,ch_18,0.2516923885541495,1.7263484082278666,3.795881826735011,31000
s33.csv,ch_0,0.265782395890431,0.8391186220127379,3.0738593467962043,31000
s33.csv,ch_1,0.2554087013062491,0.9707140270847225,3.028086196048043,31000
s33.csv,ch_2,0.2532871384238938,0.9236005887361208,3.158279809624064,31000
s33.csv,ch_3,0.2524797165076727,0.9381408629960322,3.1755146516015293,31000
s33.csv,ch_4,0.2562729396766183,0.9385536130375487,3.185154309555893,31000
s33.csv,ch_5,0.2580918503008919,0.9985718357603249,3.2455432253097203,31000
s33.csv,ch_6,0.2463384217266056,0.8229249304764238,3.2374815452732917,31000
s33.csv,ch_7,0.25396711610073885,0.9588172305189817,3.8083156258209074,31000
s33.csv,ch_8,0.25285373818947426,0.929801523571038,3.239936630545589,31000
s33.csv,ch_9,0.2560762568926302,1.0006839963157264,3.326444889579489,31000
s33.csv,ch_10,0.24747335162267778,0.7625793855340107,3.1856974032125103,31000
s33.csv,ch_11,0.24353283490163402,0.9870497711552519,3.4936306070057155,31000
s33.csv,ch_12,0.2475690442239425,0.9014510206305478,3.5130435539041813,31000
s33.csv,ch_13,0.25004615654435514,1.031669782038319,3.546924591408118,31000
s33.csv,ch_14,0.24916913863802112,1.0705530253587576,3.41107014460639,31000
s33.csv,ch_15,0.24339084680599712,1.0161910578496456,3.386128778313521,31000
s33.csv,ch_16,0.25426146224121066,0.9078773438116837,3.214994790871415,31000
s33.csv,ch_17,0.251496932272309,0.9678963480109959,3.187771903811682,31000
s33.csv,ch_18,0.24700938377560167,0.959172399095248,3.572494119619074,31000
s34.csv,ch_0,0.2633601839710995,1.1780242241632104,3.7584633077054286,31000
s34.csv,ch_1,0.2539800918457302,1.2492942606247348,3.6148466633774534,31000
s34.csv,ch_2,0.24196378207374383,1.383610938055934,3.7213184407737256,31000
s34.csv,ch_3,0.2351802544570372,1.1997316794308501,3.695054548929927,31000
s34.csv,ch_4,0.24073374295385855,1.054807787879162,3.8216773353769646,31000
s34.csv,ch_5,0.26389977825517186,1.207044872276779,3.7574975197722504,31000
s34.csv,ch_6,0.2421042774421578,1.4183476020228163,3.529007492846573,31000
s34.csv,ch_7,0.24143327863714323,1.09324976983607,3.5176536335114466,31000
s34.csv,ch_8,0.2421909817714659,1.3172739946102292,3.457198386324753,31000
s34.csv,ch_9,0.23817212037833302,1.4619240578102266,3.1959665975180567,31000
s34.csv,ch_10,0.24681294040259996,1.2380996798514103,3.8629196485445805,31000
s34.csv,ch_11,0.24625815334217477,1.2846100760083188,3.3865211304821767,31000
s34.csv,ch_12,0.24953661707341881,1.4060515672930407,3.558420447450156,31000
s34.csv,ch_13,0.24088779857292825,1.40044110207522,3.3851717552089644,31000
s34.csv,ch_14,0.24316464235255555,1.711499935513632,3.366410533277176,31000
s34.csv,ch_15,0.23133200077251484,1.9178987852965257,3.239837567543162,31000
s34.csv,ch_16,0.2660110547850507,1.3909518370044816,5.203247039112956,31000
s34.csv,ch_17,0.2365203594696401,1.32269503098823,3.372343027389803,31000
s34.csv,ch_18,0.2559684543702939,1.455002461419464,3.544850026591682,31000
s35.csv,ch_0,0.2538366787440887,1.4396011918718088,3.186762642494824,31000
s35.csv,ch_1,0.2397130796103235,1.3881869000883054,3.9299487121452614,31000
s35.csv,ch_2,0.24546572266886343,1.3363910611401306,3.3871578704990464,31000
s35.csv,ch_3,0.24900327159400154,1.4075196001208736,3.3805423853131806,31000
s35.csv,ch_4,0.2376387829126261,1.5545561705507174,3.3677291022616314,31000
s35.csv,ch_5,0.2424415394665687,1.265669638191102,3.4486402588448946,31000
s35.csv,ch_6,0.25619358559885747,1.2605066577554758,3.3450049388526217,31000
s35.csv,ch_7,0.2554269008530663,1.2586383633665297,3.2540464591713154,31000
s35.csv,ch_8,0.25838228562315635,1.258776355407748,3.3345788161322116,31000
s35.csv,ch_9,0.25286927904876194,1.283381023714038,3.2707315736292966,31000
s35.csv,ch_10,0.2758386147041715,1.3115118054769632,5.292098450491684,31000
s35.csv,ch_11,0.2613719434896984,1.2728647478071602,3.7061668521032916,31000
s35.csv,ch_12,0.25048528223361355,1.2720751819123166,3.386487329513013,31000
s35.csv,ch_13,0.2543012946326931,1.275614184165903,3.364098769238292,31000
s35.csv,ch_14,0.2515907521590337,1.3946554673993703,3.5314697241562754,31000
s35.csv,ch_15,0.2547685419868141,1.4124322929785496,3.4701978116503276,31000
s35.csv,ch_16,0.24947655704135777,1.4629214686215966,3.6687119407841218,31000
s35.csv,ch_17,0.2573628526519256,1.331153756223516,3.377687823885862,31000
s35.csv,ch_18,0.2536933461166637,1.2887660195651403,3.432247491602242,31000
