subject_file,channel,fractal_dimension,delta_std_dev,delta_kurtosis,signal_length,zscore_fractal_dimension,zscore_delta_std_dev,zscore_delta_kurtosis
s00.csv,ch_0,0.248516,1.655554,3.574093,31000,-0.641413,1.320388,-0.394168
s00.csv,ch_1,0.312479,1.561454,5.057047,31000,0.807719,0.946634,-0.239240
s00.csv,ch_2,0.267499,1.608160,3.783688,31000,0.328473,2.043939,-0.248376
s00.csv,ch_3,0.253505,1.605384,3.364862,31000,-0.239579,2.078674,-0.241149
s00.csv,ch_4,0.280832,1.666968,5.963828,31000,0.341265,1.858294,-0.221489
s00.csv,ch_5,0.261856,1.755671,3.675193,31000,-0.151768,2.121320,-0.257979
s00.csv,ch_6,0.244819,1.618681,4.148273,31000,-0.362886,1.804261,-0.207303
s00.csv,ch_7,0.237423,1.687839,4.617635,31000,-0.694565,1.109983,-0.195355
s00.csv,ch_8,0.264703,1.513026,3.417633,31000,0.318539,1.522877,-0.292271
s00.csv,ch_9,0.256069,1.534786,3.400721,31000,0.035002,1.448065,-0.310864
s00.csv,ch_10,0.234392,1.528358,4.205243,31000,-0.969822,2.065663,-0.173685
s00.csv,ch_11,0.249632,1.617444,4.416553,31000,-0.329349,1.418811,-0.151945
s00.csv,ch_12,0.228484,1.523941,3.869083,31000,-2.141019,0.674914,-0.119624
s00.csv,ch_13,0.231407,1.634538,4.033251,31000,-0.761892,0.833317,-0.188491
s00.csv,ch_14,0.236635,1.892121,3.963196,31000,-0.619895,0.887991,-0.183085
s00.csv,ch_15,0.253560,2.441823,4.918496,31000,-0.230371,1.683315,-0.163684
s00.csv,ch_16,0.250011,1.590407,3.336016,31000,-0.531148,1.747800,-0.281489
s00.csv,ch_17,0.273102,1.645481,3.948884,31000,2.232170,1.928380,-0.053799
s00.csv,ch_18,0.235810,1.491564,3.718435,31000,-0.801598,0.487508,-0.260234
s01.csv,ch_0,0.272521,1.364045,4.498938,31000,-0.186518,0.463996,-0.320494
s01.csv,ch_1,0.259502,1.329844,3.948465,31000,-0.304254,0.221267,-0.250409
s01.csv,ch_2,0.256767,1.271401,4.334097,31000,-0.094352,0.559797,-0.202649
s01.csv,ch_3,0.271537,1.311479,3.453664,31000,0.841369,0.673721,-0.228678
s01.csv,ch_4,0.267686,1.184007,5.893274,31000,-0.017644,0.325782,-0.224514
s01.csv,ch_5,0.282093,1.183723,46.949433,31000,0.312824,0.178868,0.651242
s01.csv,ch_6,0.505295,1.651046,84.235851,31000,5.523680,1.907227,5.632173
s01.csv,ch_7,0.271465,1.222841,5.844722,31000,0.268495,0.003338,-0.118561
s01.csv,ch_8,0.253210,1.304320,6.297310,31000,-0.216486,0.647851,0.319197
s01.csv,ch_9,0.387289,1.290660,7.091803,31000,5.522952,0.455522,0.937554
s01.csv,ch_10,0.243390,1.069235,17.402492,31000,-0.620207,0.259535,1.554072
s01.csv,ch_11,0.253712,1.209876,4.232165,31000,-0.205021,0.101797,-0.187710
s01.csv,ch_12,0.271096,1.297160,8.193001,31000,1.582097,0.084469,1.232859
s01.csv,ch_13,0.365366,1.883744,85.645573,31000,2.976018,1.464656,5.680206
s01.csv,ch_14,0.259474,1.685055,6.432553,31000,0.032544,0.471944,0.075190
s01.csv,ch_15,0.495847,2.484616,1762.585145,31000,5.389989,1.761766,5.833297
s01.csv,ch_16,0.250956,1.360920,3.610834,31000,-0.447503,0.776343,-0.212829
s01.csv,ch_17,0.264899,1.307342,3.604285,31000,1.301560,0.554829,-0.245545
s01.csv,ch_18,0.377084,1.855602,15.760668,31000,4.748692,1.478591,4.349333
s02.csv,ch_0,0.216807,2.422905,3.352870,31000,-1.242300,3.574702,-0.411791
s02.csv,ch_1,0.244699,2.272205,3.121199,31000,-0.614964,3.172601,-0.258743
s02.csv,ch_2,0.244463,1.525419,3.194440,31000,-0.579129,1.679286,-0.297330
s02.csv,ch_3,0.242114,1.297549,3.231281,31000,-0.922458,0.607129,-0.259910
s02.csv,ch_4,0.224409,2.300026,3.206965,31000,-1.199154,3.867087,-0.339670
s02.csv,ch_5,0.254463,1.784186,3.349979,31000,-0.321506,2.218162,-0.264812
s02.csv,ch_6,0.234968,1.857581,3.212120,31000,-0.585527,2.564304,-0.275561
s02.csv,ch_7,0.242259,1.549610,3.241980,31000,-0.557731,0.781013,-0.281448
s02.csv,ch_8,0.270449,1.390516,3.301557,31000,0.586031,1.009238,-0.316919
s02.csv,ch_9,0.254796,1.406289,3.275430,31000,-0.018208,0.925636,-0.353241
s02.csv,ch_10,0.237035,1.743013,3.291939,31000,-0.867107,2.910090,-0.293252
s02.csv,ch_11,0.246416,1.620188,3.107585,31000,-0.427367,1.427677,-0.405841
s02.csv,ch_12,0.243893,1.571604,3.297240,31000,-0.794664,0.799011,-0.298492
s02.csv,ch_13,0.252294,1.513991,3.838148,31000,-0.179086,0.527925,-0.202521
s02.csv,ch_14,0.260955,2.428281,3.311307,31000,0.074845,1.965266,-0.251267
s02.csv,ch_15,0.246401,2.073564,3.255996,31000,-0.396452,1.008204,-0.169357
s02.csv,ch_16,0.249900,1.283679,3.399756,31000,-0.541041,0.449371,-0.265564
s02.csv,ch_17,0.252289,1.399526,3.360547,31000,-0.129113,0.929288,-0.381168
s02.csv,ch_18,0.246985,1.521076,3.394736,31000,-0.362549,0.567855,-0.384140
s03.csv,ch_0,0.268805,0.855659,3.484164,31000,-0.256952,-1.029534,-0.401332
s03.csv,ch_1,0.221815,0.862749,3.902821,31000,-1.095293,-1.241606,-0.250869
s03.csv,ch_2,0.258118,0.832367,3.339166,31000,-0.041117,-1.375077,-0.285306
s03.csv,ch_3,0.253721,0.892892,3.235637,31000,-0.226599,-1.327255,-0.259298
s03.csv,ch_4,0.261523,0.765751,4.177626,31000,-0.185888,-1.001412,-0.298060
s03.csv,ch_5,0.256155,0.638950,3.311346,31000,-0.282655,-1.671295,-0.265624
s03.csv,ch_6,0.268846,0.660803,3.411350,31000,0.180088,-1.243154,-0.261035
s03.csv,ch_7,0.252922,0.752286,3.325776,31000,-0.256076,-1.116533,-0.276204
s03.csv,ch_8,0.252401,0.844791,3.560025,31000,-0.254179,-1.278782,-0.262036
s03.csv,ch_9,0.250072,0.938691,3.521815,31000,-0.215773,-0.975475,-0.269907
s03.csv,ch_10,0.257817,0.668618,3.401064,31000,-0.059654,-1.316441,-0.278966
s03.csv,ch_11,0.248456,1.268228,3.853773,31000,-0.365179,0.290353,-0.261105
s03.csv,ch_12,0.255829,0.998369,4.999221,31000,0.248173,-0.693462,0.233873
s03.csv,ch_13,0.248724,1.021308,4.071790,31000,-0.278690,-0.720241,-0.185720
s03.csv,ch_14,0.239770,1.053807,3.826278,31000,-0.530344,-0.796386,-0.197405
s03.csv,ch_15,0.245804,1.380789,3.921766,31000,-0.410295,-0.261828,-0.167085
s03.csv,ch_16,0.252898,0.855331,3.402293,31000,-0.275619,-1.363892,-0.264931
s03.csv,ch_17,0.255257,0.925561,3.565228,31000,0.207607,-0.996002,-0.267277
s03.csv,ch_18,0.256855,1.105183,3.320523,31000,0.025213,-0.564399,-0.412548
s04.csv,ch_0,0.253238,1.297826,3.145184,31000,-0.551935,0.269459,-0.428335
s04.csv,ch_1,0.291543,1.367051,3.729972,31000,0.368269,0.337793,-0.252610
s04.csv,ch_2,0.252559,1.450340,3.137817,31000,-0.260152,1.348406,-0.302034
s04.csv,ch_3,0.260947,1.487657,3.623000,31000,0.206566,1.515902,-0.204896
s04.csv,ch_4,0.249392,1.009651,3.577553,31000,-0.517103,-0.227478,-0.323783
s04.csv,ch_5,0.266716,1.341883,3.240170,31000,-0.040187,0.716010,-0.267119
s04.csv,ch_6,0.248513,1.180564,3.325791,31000,-0.279407,0.410425,-0.267273
s04.csv,ch_7,0.257633,1.490481,3.409905,31000,-0.122810,0.640292,-0.270939
s04.csv,ch_8,0.245228,1.643569,3.358754,31000,-0.588070,2.070196,-0.304773
s04.csv,ch_9,0.242642,1.577633,3.969416,31000,-0.526513,1.622267,-0.118517
s04.csv,ch_10,0.255422,1.130492,3.212234,31000,-0.152693,0.500510,-0.303687
s04.csv,ch_11,0.251247,1.539079,3.404822,31000,-0.280156,1.165583,-0.348187
s04.csv,ch_12,0.249602,1.695655,3.237289,31000,-0.295898,1.121990,-0.317244
s04.csv,ch_13,0.243025,1.645124,4.397425,31000,-0.437718,0.860137,-0.162304
s04.csv,ch_14,0.249186,1.640930,3.590133,31000,-0.261367,0.383287,-0.222104
s04.csv,ch_15,0.267553,1.675792,3.695544,31000,0.094222,0.278988,-0.167857
s04.csv,ch_16,0.255442,1.479090,3.187859,31000,-0.050357,1.276577,-0.318505
s04.csv,ch_17,0.253948,1.537250,3.871804,31000,0.059158,1.488737,-0.096689
s04.csv,ch_18,0.257922,1.531562,3.433852,31000,0.067143,0.596404,-0.369167
s05.csv,ch_0,0.277595,1.379155,4.657606,31000,-0.090377,0.508386,-0.307854
s05.csv,ch_1,0.279168,1.185252,13.860409,31000,0.108528,-0.231575,-0.150551
s05.csv,ch_2,0.250341,1.110414,3.480251,31000,-0.347506,-0.149693,-0.273585
s05.csv,ch_3,0.272612,1.191335,3.627175,31000,0.905848,0.099393,-0.204310
s05.csv,ch_4,0.275965,1.034542,4.339473,31000,0.208374,-0.148495,-0.291122
s05.csv,ch_5,0.264372,0.853943,3.104133,31000,-0.094006,-0.941133,-0.269978
s05.csv,ch_6,0.273075,0.911323,3.603391,31000,0.275675,-0.446142,-0.247032
s05.csv,ch_7,0.367083,1.205675,4.959442,31000,2.973544,-0.037517,-0.173964
s05.csv,ch_8,0.251302,1.174232,3.687005,31000,-0.305298,0.102440,-0.235073
s05.csv,ch_9,0.254166,1.302862,3.636789,31000,-0.044585,0.505132,-0.231020
s05.csv,ch_10,0.268966,1.084966,4.393733,31000,0.373535,0.321417,-0.149008
s05.csv,ch_11,0.263535,1.446269,4.038087,31000,0.094311,0.865675,-0.225354
s05.csv,ch_12,0.250516,1.388035,4.035047,31000,-0.216034,0.321070,-0.067712
s05.csv,ch_13,0.283241,1.923297,4.209443,31000,0.684459,1.564861,-0.175821
s05.csv,ch_14,0.274985,1.962363,3.742931,31000,0.475659,1.029124,-0.206123
s05.csv,ch_15,0.256429,2.148414,3.630422,31000,-0.163835,1.145423,-0.168079
s05.csv,ch_16,0.256892,1.215158,3.442625,31000,0.078010,0.159311,-0.254854
s05.csv,ch_17,0.253271,1.246362,3.763762,31000,-0.017662,0.307120,-0.156807
s05.csv,ch_18,0.262118,1.648824,3.892520,31000,0.231963,0.915644,-0.193597
s06.csv,ch_0,0.269527,0.988327,3.236699,31000,-0.243253,-0.639783,-0.421045
s06.csv,ch_1,0.254370,0.953227,3.988892,31000,-0.411984,-0.958243,-0.250002
s06.csv,ch_2,0.244301,1.153073,4.509676,31000,-0.585489,0.038313,-0.188062
s06.csv,ch_3,0.246922,0.911929,3.224819,31000,-0.634192,-1.236250,-0.260817
s06.csv,ch_4,0.271206,0.800742,7.527033,31000,0.078448,-0.890381,-0.154478
s06.csv,ch_5,0.260133,0.796971,3.500714,31000,-0.191327,-1.134622,-0.261645
s06.csv,ch_6,0.242501,0.848889,3.154855,31000,-0.415273,-0.644772,-0.279736
s06.csv,ch_7,0.257842,0.823838,3.574867,31000,-0.116888,-0.946249,-0.260615
s06.csv,ch_8,0.252326,0.884657,3.290110,31000,-0.257643,-1.111639,-0.319349
s06.csv,ch_9,0.254136,0.848317,3.573414,31000,-0.045808,-1.342910,-0.252455
s06.csv,ch_10,0.243355,1.177577,3.097952,31000,-0.621545,0.685739,-0.318649
s06.csv,ch_11,0.250801,0.857733,3.498523,31000,-0.293732,-1.036118,-0.330012
s06.csv,ch_12,0.255414,1.046328,3.514184,31000,0.211904,-0.568597,-0.230633
s06.csv,ch_13,0.250518,0.904940,3.587198,31000,-0.228629,-1.015047,-0.220567
s06.csv,ch_14,0.235474,1.210363,3.328063,31000,-0.653060,-0.481827,-0.249515
s06.csv,ch_15,0.247538,1.047092,3.258371,31000,-0.370079,-0.873578,-0.169349
s06.csv,ch_16,0.248979,0.896732,3.176096,31000,-0.622560,-1.188633,-0.321444
s06.csv,ch_17,0.267425,0.887139,4.427707,31000,1.588116,-1.152073,0.212632
s06.csv,ch_18,0.249204,0.941816,3.574555,31000,-0.275400,-1.009159,-0.315308
s07.csv,ch_0,0.259919,1.105116,3.267715,31000,-0.425337,-0.296683,-0.418574
s07.csv,ch_1,0.273576,1.538686,3.903183,31000,-0.008846,0.875328,-0.250865
s07.csv,ch_2,0.266662,1.081860,4.581253,31000,0.295514,-0.275532,-0.182115
s07.csv,ch_3,0.255450,1.200396,5.510808,31000,-0.122954,0.142712,0.060230
s07.csv,ch_4,0.262829,0.926456,3.687173,31000,-0.150243,-0.491468,-0.319084
s07.csv,ch_5,0.254217,1.422798,4.237625,31000,-0.327135,0.990817,-0.246162
s07.csv,ch_6,0.259374,0.970562,7.979808,31000,-0.033971,-0.257680,0.072068
s07.csv,ch_7,0.238249,1.343229,3.367135,31000,-0.671173,0.289847,-0.273615
s07.csv,ch_8,0.253639,1.263489,3.623872,31000,-0.196530,0.476664,-0.248478
s07.csv,ch_9,0.248413,1.222251,6.678066,31000,-0.285155,0.177394,0.797618
s07.csv,ch_10,0.247412,0.953310,3.628476,31000,-0.463913,-0.196499,-0.249194
s07.csv,ch_11,0.248899,0.975627,3.566002,31000,-0.351703,-0.655156,-0.316923
s07.csv,ch_12,0.257904,1.180673,3.814233,31000,0.429511,-0.218817,-0.136781
s07.csv,ch_13,0.247340,1.349775,4.582455,31000,-0.317312,0.111900,-0.148998
s07.csv,ch_14,0.309645,1.327801,60.645643,31000,1.465791,-0.245866,5.745436
s07.csv,ch_15,0.249172,1.339721,5.096241,31000,-0.332160,-0.337116,-0.163078
s07.csv,ch_16,0.269980,0.990253,4.593171,31000,1.236635,-0.792747,0.032598
s07.csv,ch_17,0.256626,1.100168,5.349442,31000,0.362915,-0.286731,0.725513
s07.csv,ch_18,0.250759,1.189879,5.574922,31000,-0.214302,-0.333817,0.450399
s08.csv,ch_0,0.272998,0.936009,3.742851,31000,-0.177488,-0.793483,-0.380725
s08.csv,ch_1,0.277342,0.923876,3.179017,31000,0.070196,-1.050168,-0.258161
s08.csv,ch_2,0.258044,0.797238,3.247708,31000,-0.044028,-1.529897,-0.292904
s08.csv,ch_3,0.258042,0.890266,3.217292,31000,0.032413,-1.339804,-0.261874
s08.csv,ch_4,0.262139,0.842898,3.216739,31000,-0.169080,-0.756613,-0.339251
s08.csv,ch_5,0.267438,0.770087,3.313035,31000,-0.023613,-1.225927,-0.265588
s08.csv,ch_6,0.251935,0.723947,3.143203,31000,-0.202077,-1.042266,-0.280586
s08.csv,ch_7,0.247192,0.730176,3.247013,31000,-0.418186,-1.169154,-0.281133
s08.csv,ch_8,0.257835,0.782577,3.251327,31000,-0.001190,-1.539622,-0.327584
s08.csv,ch_9,0.249074,0.810361,3.113485,31000,-0.257532,-1.497227,-0.408015
s08.csv,ch_10,0.258349,0.770371,3.293236,31000,-0.038983,-0.916159,-0.293082
s08.csv,ch_11,0.254514,0.971005,3.232556,31000,-0.180577,-0.670092,-0.381601
s08.csv,ch_12,0.248622,0.851798,3.566256,31000,-0.381514,-1.075073,-0.214346
s08.csv,ch_13,0.250769,0.951266,3.181939,31000,-0.221632,-0.897685,-0.249709
s08.csv,ch_14,0.253599,1.105003,3.409422,31000,-0.135290,-0.693521,-0.241005
s08.csv,ch_15,0.240471,1.200538,3.353213,31000,-0.534015,-0.592273,-0.169025
s08.csv,ch_16,0.259088,0.810695,3.188227,31000,0.272397,-1.552841,-0.318413
s08.csv,ch_17,0.243462,0.857457,4.285218,31000,-1.130557,-1.272646,0.133347
s08.csv,ch_18,0.251033,0.911966,3.320335,31000,-0.203521,-1.090426,-0.412620
s09.csv,ch_0,0.287139,0.860341,4.364618,31000,0.090480,-1.015780,-0.331194
s09.csv,ch_1,0.258316,0.822136,5.437718,31000,-0.329157,-1.368803,-0.235405
s09.csv,ch_2,0.259112,0.920069,3.283667,31000,-0.001936,-0.988564,-0.289917
s09.csv,ch_3,0.256140,0.900511,3.357808,31000,-0.081615,-1.290831,-0.242140
s09.csv,ch_4,0.265247,0.957505,4.875487,31000,-0.084222,-0.392945,-0.268144
s09.csv,ch_5,0.255658,0.854041,3.690739,31000,-0.294054,-0.940802,-0.257653
s09.csv,ch_6,0.252934,0.732484,3.550999,31000,-0.179512,-1.015107,-0.250852
s09.csv,ch_7,0.261346,0.840343,3.648044,31000,-0.017758,-0.906967,-0.256035
s09.csv,ch_8,0.260657,0.890037,3.478067,31000,0.130203,-1.089081,-0.279439
s09.csv,ch_9,0.247736,0.944298,3.610972,31000,-0.313500,-0.952680,-0.239752
s09.csv,ch_10,0.262311,0.760870,3.614691,31000,0.114981,-0.953534,-0.250998
s09.csv,ch_11,0.239422,1.057073,9.053045,31000,-0.640493,-0.391970,0.747382
s09.csv,ch_12,0.251192,1.186204,3.997320,31000,-0.156947,-0.204416,-0.079513
s09.csv,ch_13,0.254893,0.995957,3.876431,31000,-0.106574,-0.784464,-0.199768
s09.csv,ch_14,0.255628,0.991312,4.519172,31000,-0.077313,-0.921953,-0.124934
s09.csv,ch_15,0.249435,1.086162,4.984123,31000,-0.326067,-0.801953,-0.163460
s09.csv,ch_16,0.266902,0.973782,3.248316,31000,0.964160,-0.862471,-0.303400
s09.csv,ch_17,0.256121,1.015104,3.484104,31000,0.305620,-0.632267,-0.312417
s09.csv,ch_18,0.251230,1.066715,4.098897,31000,-0.195805,-0.669127,-0.114599
s10.csv,ch_0,0.279831,0.949383,4.521815,31000,-0.048003,-0.754193,-0.318672
s10.csv,ch_1,0.274421,1.122747,3.352156,31000,0.008895,-0.427332,-0.256417
s10.csv,ch_2,0.257726,1.002373,3.739012,31000,-0.056558,-0.625840,-0.252088
s10.csv,ch_3,0.251475,1.045835,3.285875,31000,-0.361280,-0.596137,-0.252243
s10.csv,ch_4,0.251788,0.798199,4.034561,31000,-0.451679,-0.898449,-0.304192
s10.csv,ch_5,0.264854,0.763631,8.796988,31000,-0.082950,-1.247852,-0.150367
s10.csv,ch_6,0.240853,0.866079,3.335540,31000,-0.452534,-0.590083,-0.266562
s10.csv,ch_7,0.273564,0.842043,5.007013,31000,0.327867,-0.902921,-0.170987
s10.csv,ch_8,0.252697,1.051796,3.541549,31000,-0.240372,-0.410888,-0.265959
s10.csv,ch_9,0.250670,1.023322,3.084358,31000,-0.190790,-0.631391,-0.417866
s10.csv,ch_10,0.250841,0.766842,3.420588,31000,-0.330680,-0.930042,-0.276410
s10.csv,ch_11,0.240139,0.963750,5.283532,31000,-0.618629,-0.693536,0.016221
s10.csv,ch_12,0.239123,1.323720,4.763752,31000,-1.211469,0.153621,0.160220
s10.csv,ch_13,0.245743,1.367905,3.717815,31000,-0.361880,0.157829,-0.211174
s10.csv,ch_14,0.240444,1.535735,5.323876,31000,-0.511085,0.171924,-0.040769
s10.csv,ch_15,0.246199,1.550975,4.806417,31000,-0.401138,0.050166,-0.164067
s10.csv,ch_16,0.262817,1.006036,4.170914,31000,0.602508,-0.725933,-0.072899
s10.csv,ch_17,0.256685,0.986710,3.206150,31000,0.369652,-0.747607,-0.467079
s10.csv,ch_18,0.245305,1.369045,4.652223,31000,-0.428573,0.153955,0.097205
s11.csv,ch_0,0.256120,1.011890,3.380495,31000,-0.497323,-0.570562,-0.409590
s11.csv,ch_1,0.255980,1.203757,5.813964,31000,-0.378189,-0.173620,-0.231615
s11.csv,ch_2,0.241887,0.970981,3.532000,31000,-0.680621,-0.764190,-0.269286
s11.csv,ch_3,0.255782,0.819792,3.241993,31000,-0.103063,-1.676692,-0.258405
s11.csv,ch_4,0.274730,0.802822,5.610736,31000,0.174671,-0.883779,-0.236625
s11.csv,ch_5,0.246145,0.869216,3.306427,31000,-0.512474,-0.889265,-0.265727
s11.csv,ch_6,0.244931,0.832585,5.480780,31000,-0.360355,-0.696643,-0.110145
s11.csv,ch_7,0.227756,0.753894,7.410118,31000,-0.968043,-1.112707,-0.020593
s11.csv,ch_8,0.250267,0.746415,3.334905,31000,-0.353492,-1.691236,-0.309838
s11.csv,ch_9,0.247597,0.874199,4.004120,31000,-0.319301,-1.237682,-0.106779
s11.csv,ch_10,0.267825,0.591126,3.651405,31000,0.329222,-1.621284,-0.246192
s11.csv,ch_11,0.248245,0.762612,4.405919,31000,-0.371624,-1.343492,-0.154007
s11.csv,ch_12,0.253742,0.671566,3.805367,31000,0.065841,-1.544326,-0.139554
s11.csv,ch_13,0.254603,0.727925,3.605694,31000,-0.114660,-1.463496,-0.219237
s11.csv,ch_14,0.242708,0.845316,3.993840,31000,-0.446416,-1.215294,-0.179880
s11.csv,ch_15,0.300789,0.813330,4.781261,31000,0.865194,-1.302123,-0.164153
s11.csv,ch_16,0.253328,0.844725,3.116625,31000,-0.237547,-1.408786,-0.336302
s11.csv,ch_17,0.251727,0.780710,3.379758,31000,-0.192888,-1.584397,-0.370478
s11.csv,ch_18,0.254159,0.714914,3.643417,31000,-0.080720,-1.626893,-0.288949
s12.csv,ch_0,0.242812,1.458806,3.136811,31000,-0.749507,0.742384,-0.429002
s12.csv,ch_1,0.246863,1.297357,3.333336,31000,-0.569540,0.119520,-0.256606
s12.csv,ch_2,0.254419,1.196316,3.229082,31000,-0.186870,0.228891,-0.294452
s12.csv,ch_3,0.248193,1.150010,3.290813,31000,-0.558005,-0.098153,-0.251549
s12.csv,ch_4,0.234315,1.325017,3.172363,31000,-0.928709,0.773228,-0.341153
s12.csv,ch_5,0.248341,1.410512,3.327718,31000,-0.462037,0.949090,-0.265280
s12.csv,ch_6,0.248468,1.161498,3.267055,31000,-0.280430,0.349768,-0.271556
s12.csv,ch_7,0.253305,1.707835,3.595198,31000,-0.245247,1.157571,-0.259342
s12.csv,ch_8,0.264019,1.239356,3.710213,31000,0.286721,0.375482,-0.230145
s12.csv,ch_9,0.250741,1.534296,3.177313,31000,-0.187821,1.446070,-0.386427
s12.csv,ch_10,0.249533,1.204458,3.405241,31000,-0.381525,0.791482,-0.278419
s12.csv,ch_11,0.244318,1.535898,3.458379,31000,-0.491280,1.155303,-0.337799
s12.csv,ch_12,0.249791,1.886255,3.118752,31000,-0.279342,1.618234,-0.354321
s12.csv,ch_13,0.246617,1.847544,3.409146,31000,-0.337480,1.372948,-0.233370
s12.csv,ch_14,0.249546,2.209136,3.219792,31000,-0.251078,1.524949,-0.260839
s12.csv,ch_15,0.240930,2.169486,3.800084,31000,-0.523358,1.184054,-0.167500
s12.csv,ch_16,0.250062,1.717662,3.626924,31000,-0.526693,2.286490,-0.208809
s12.csv,ch_17,0.259429,1.339772,3.421560,31000,0.680900,0.686563,-0.347218
s12.csv,ch_18,0.261476,1.833188,3.185054,31000,0.206769,1.417569,-0.464403
s13.csv,ch_0,0.322765,0.951769,6.730482,31000,0.765582,-0.747183,-0.142727
s13.csv,ch_1,0.322070,0.935870,11.173268,31000,1.009037,-1.012604,-0.177622
s13.csv,ch_2,0.282150,0.883022,3.485116,31000,0.905714,-1.151836,-0.273181
s13.csv,ch_3,0.281160,0.898581,3.758965,31000,1.418244,-1.300056,-0.185801
s13.csv,ch_4,0.265716,0.756473,3.159277,31000,-0.071434,-1.030853,-0.341714
s13.csv,ch_5,0.298588,0.837084,6.546823,31000,0.691530,-0.998391,-0.197644
s13.csv,ch_6,0.265911,0.696334,3.353051,31000,0.113779,-1.130115,-0.265285
s13.csv,ch_7,0.269090,0.822572,3.068996,31000,0.201319,-0.949260,-0.292274
s13.csv,ch_8,0.266740,0.755692,3.264781,31000,0.413377,-1.652342,-0.324727
s13.csv,ch_9,0.266118,0.795490,3.177207,31000,0.455293,-1.557686,-0.386462
s13.csv,ch_10,0.276916,0.707081,3.300903,31000,0.682423,-1.165133,-0.292079
s13.csv,ch_11,0.259695,0.641442,3.141316,31000,-0.022708,-1.735042,-0.399299
s13.csv,ch_12,0.258676,0.739177,3.167900,31000,0.496977,-1.368292,-0.338948
s13.csv,ch_13,0.260771,0.671394,3.231757,31000,0.057462,-1.606712,-0.246126
s13.csv,ch_14,0.261924,0.642587,3.596811,31000,0.102526,-1.622626,-0.221406
s13.csv,ch_15,0.258353,0.657326,3.270398,31000,-0.119193,-1.588119,-0.169307
s13.csv,ch_16,0.276983,0.933244,3.387742,31000,1.856640,-1.034072,-0.268566
s13.csv,ch_17,0.271845,0.774566,3.351623,31000,2.089624,-1.609357,-0.386133
s13.csv,ch_18,0.266034,0.704763,3.158130,31000,0.385834,-1.654530,-0.474709
s14.csv,ch_0,0.274850,1.361105,36.618076,31000,-0.142400,0.455359,2.238147
s14.csv,ch_1,0.289331,1.080215,322.146925,31000,0.321856,-0.560535,2.955299
s14.csv,ch_2,0.282107,1.153415,13.504783,31000,0.904015,0.039821,0.559239
s14.csv,ch_3,0.266758,1.089125,11.677940,31000,0.554934,-0.389200,0.926351
s14.csv,ch_4,0.410764,1.265699,134.469556,31000,3.888597,0.585004,5.287260
s14.csv,ch_5,0.332092,1.040481,44.484492,31000,1.460710,-0.307611,0.599452
s14.csv,ch_6,0.254985,0.850264,6.407897,31000,-0.133152,-0.640399,-0.042545
s14.csv,ch_7,0.272630,1.592999,7.356926,31000,0.301455,0.884273,-0.023922
s14.csv,ch_8,0.274287,1.065431,8.655222,31000,0.764734,-0.353722,0.819873
s14.csv,ch_9,0.272402,1.089554,8.505672,31000,0.718104,-0.362115,1.415761
s14.csv,ch_10,0.349655,0.817122,8.190101,31000,3.508644,-0.732245,0.348005
s14.csv,ch_11,0.257520,1.074192,9.913241,31000,-0.088995,-0.336652,0.914232
s14.csv,ch_12,0.281701,1.204792,3.660013,31000,2.508669,-0.156020,-0.185019
s14.csv,ch_13,0.255712,1.266721,3.519364,31000,-0.083718,-0.098510,-0.225445
s14.csv,ch_14,0.255224,1.218774,3.611792,31000,-0.088870,-0.464928,-0.219839
s14.csv,ch_15,0.253650,1.257598,4.593072,31000,-0.228295,-0.487668,-0.164795
s14.csv,ch_16,0.270796,1.104330,7.989288,31000,1.308911,-0.309838,0.881083
s14.csv,ch_17,0.271891,1.026023,9.355217,31000,2.094792,-0.587916,2.954444
s14.csv,ch_18,0.247466,1.535277,3.393779,31000,-0.343666,0.606516,-0.384507
s15.csv,ch_0,0.239479,1.169433,3.349578,31000,-0.812671,-0.107734,-0.412053
s15.csv,ch_1,0.288717,1.279180,3.380921,31000,0.308956,0.062595,-0.256127
s15.csv,ch_2,0.240390,1.586676,3.910193,31000,-0.739572,1.949256,-0.237866
s15.csv,ch_3,0.254210,1.368822,3.590218,31000,-0.197308,0.947839,-0.209500
s15.csv,ch_4,0.283983,1.533950,3.448858,31000,0.427290,1.436205,-0.329300
s15.csv,ch_5,0.254299,1.127192,3.431751,31000,-0.325267,-0.013124,-0.263094
s15.csv,ch_6,0.238777,1.071532,3.917170,31000,-0.499438,0.063550,-0.224153
s15.csv,ch_7,0.357465,1.094959,14.430234,31000,2.701458,-0.301008,0.418746
s15.csv,ch_8,0.250484,1.408245,3.911989,31000,-0.343386,1.083571,-0.187300
s15.csv,ch_9,0.261844,1.223864,3.843668,31000,0.276546,0.183952,-0.161048
s15.csv,ch_10,0.249578,1.204862,3.931016,31000,-0.379781,0.793071,-0.209586
s15.csv,ch_11,0.251114,1.352238,3.758653,31000,-0.284198,0.561823,-0.279555
s15.csv,ch_12,0.272660,2.271434,4.572333,31000,1.718739,2.621085,0.100346
s15.csv,ch_13,0.256902,1.995301,4.653615,31000,-0.050497,1.747274,-0.143881
s15.csv,ch_14,0.315889,2.368988,5.586756,31000,1.644168,1.846131,-0.013274
s15.csv,ch_15,0.270791,2.063816,5.062832,31000,0.169323,0.990333,-0.163192
s15.csv,ch_16,0.246870,1.361117,3.536354,31000,-0.809237,0.777181,-0.231437
s15.csv,ch_17,0.253995,1.301974,3.842090,31000,0.064472,0.533023,-0.113223
s15.csv,ch_18,0.250637,1.877738,5.206857,31000,-0.219072,1.538855,0.309510
s16.csv,ch_0,0.233991,1.003088,5.052844,31000,-0.916668,-0.596421,-0.276369
s16.csv,ch_1,0.240811,1.391508,8.496969,31000,-0.696573,0.414389,-0.204585
s16.csv,ch_2,0.243307,1.135627,4.604389,31000,-0.624649,-0.038572,-0.180193
s16.csv,ch_3,0.249492,1.397242,5.444974,31000,-0.480145,1.083692,0.050984
s16.csv,ch_4,0.232623,1.127465,5.627780,31000,-0.974915,0.146365,-0.235895
s16.csv,ch_5,0.263942,1.474559,5.337043,31000,-0.103873,1.166607,-0.223063
s16.csv,ch_6,0.251953,1.576104,6.379818,31000,-0.201664,1.668806,-0.044593
s16.csv,ch_7,0.236234,1.885020,8.374729,31000,-0.728180,1.579254,0.039775
s16.csv,ch_8,0.249777,1.111321,4.294277,31000,-0.376323,-0.161320,-0.106125
s16.csv,ch_9,0.243835,1.201056,4.590943,31000,-0.476625,0.091219,0.091699
s16.csv,ch_10,0.244881,1.097967,5.071655,31000,-0.562255,0.372562,-0.060256
s16.csv,ch_11,0.235227,1.535561,4.541941,31000,-0.768318,1.154214,-0.127623
s16.csv,ch_12,0.251247,1.060375,3.644996,31000,-0.152156,-0.532024,-0.189717
s16.csv,ch_13,0.247840,1.048424,3.704789,31000,-0.303378,-0.651544,-0.212111
s16.csv,ch_14,0.249471,1.077848,3.413905,31000,-0.253203,-0.748083,-0.240536
s16.csv,ch_15,0.245147,1.154249,3.528338,31000,-0.425529,-0.677133,-0.168427
s16.csv,ch_16,0.251352,1.092374,4.178488,31000,-0.412476,-0.360451,-0.071006
s16.csv,ch_17,0.244398,1.142305,3.835108,31000,-1.024376,-0.115567,-0.117108
s16.csv,ch_18,0.249856,1.076317,3.481271,31000,-0.249772,-0.642986,-0.351016
s17.csv,ch_0,0.311902,1.061561,9.348382,31000,0.559736,-0.424638,0.065817
s17.csv,ch_1,0.309382,1.565286,5.089498,31000,0.742720,0.958635,-0.238914
s17.csv,ch_2,0.286848,1.055185,5.436101,31000,1.090832,-0.393092,-0.111096
s17.csv,ch_3,0.271565,1.115129,4.615206,31000,0.843086,-0.264892,-0.065549
s17.csv,ch_4,0.282734,1.004601,4.439287,31000,0.393189,-0.243504,-0.286843
s17.csv,ch_5,0.258706,1.081933,4.012664,31000,-0.224082,-0.166833,-0.250889
s17.csv,ch_6,0.245327,0.935818,3.201194,31000,-0.351410,-0.368215,-0.276358
s17.csv,ch_7,0.253637,1.163943,3.198608,31000,-0.235861,-0.136834,-0.284162
s17.csv,ch_8,0.253925,1.053969,3.217228,31000,-0.183189,-0.401774,-0.334825
s17.csv,ch_9,0.256505,1.024348,3.184517,31000,0.053268,-0.627222,-0.383990
s17.csv,ch_10,0.294599,1.038944,3.885243,31000,1.369485,0.140371,-0.215578
s17.csv,ch_11,0.267801,1.375812,3.446941,31000,0.224330,0.638001,-0.340017
s17.csv,ch_12,0.246464,1.002909,3.174308,31000,-0.570087,-0.681643,-0.336944
s17.csv,ch_13,0.249185,1.090280,3.245759,31000,-0.265848,-0.545506,-0.245119
s17.csv,ch_14,0.234128,1.239543,3.661573,31000,-0.691533,-0.423197,-0.214632
s17.csv,ch_15,0.247144,1.162920,3.354078,31000,-0.379217,-0.661237,-0.169022
s17.csv,ch_16,0.257501,1.107435,3.788170,31000,0.131895,-0.296697,-0.168523
s17.csv,ch_17,0.259882,1.144963,3.377475,31000,0.732344,-0.104771,-0.371748
s17.csv,ch_18,0.233535,1.148710,3.163739,31000,-0.890983,-0.445897,-0.472562
s18.csv,ch_0,0.238309,0.731298,3.299642,31000,-0.834831,-1.394881,-0.416031
s18.csv,ch_1,0.242739,0.672701,3.849636,31000,-0.656103,-1.836809,-0.251405
s18.csv,ch_2,0.245744,0.846803,3.137977,31000,-0.528636,-1.311457,-0.302021
s18.csv,ch_3,0.248734,1.147952,3.172261,31000,-0.525560,-0.107989,-0.268199
s18.csv,ch_4,0.216418,0.707218,12.091506,31000,-1.417326,-1.187146,0.041190
s18.csv,ch_5,0.241784,0.889374,3.076773,31000,-0.612579,-0.820804,-0.270552
s18.csv,ch_6,0.251948,0.631446,3.175720,31000,-0.201785,-1.336550,-0.278215
s18.csv,ch_7,0.245037,0.911028,3.420946,31000,-0.479161,-0.738744,-0.270248
s18.csv,ch_8,0.241127,1.152382,3.277129,31000,-0.779008,0.010830,-0.322106
s18.csv,ch_9,0.247916,0.827675,3.598095,31000,-0.305939,-1.426831,-0.244107
s18.csv,ch_10,0.274242,0.733358,6.141596,31000,0.578517,-1.061764,0.079819
s18.csv,ch_11,0.248997,0.859341,4.294546,31000,-0.348698,-1.030922,-0.175610
s18.csv,ch_12,0.250435,0.979537,3.458113,31000,-0.223106,-0.742493,-0.248172
s18.csv,ch_13,0.245661,0.838788,3.191404,31000,-0.364169,-1.182636,-0.249028
s18.csv,ch_14,0.246028,1.164603,3.418303,31000,-0.351582,-0.573771,-0.240076
s18.csv,ch_15,0.295627,1.088066,3.850824,31000,0.745448,-0.798463,-0.167327
s18.csv,ch_16,0.245263,1.310659,3.838418,31000,-0.951556,0.563581,-0.155969
s18.csv,ch_17,0.250822,0.837856,3.136830,31000,-0.295523,-1.352268,-0.505651
s18.csv,ch_18,0.257440,0.832074,3.198613,31000,0.048182,-1.307928,-0.459213
s19.csv,ch_0,0.233509,0.996662,3.650379,31000,-0.925796,-0.615297,-0.388091
s19.csv,ch_1,0.225587,1.341560,3.731605,31000,-1.016130,0.257958,-0.252594
s19.csv,ch_2,0.237507,1.033038,3.549634,31000,-0.853165,-0.490698,-0.267821
s19.csv,ch_3,0.246005,1.161317,3.125629,31000,-0.689174,-0.044099,-0.274748
s19.csv,ch_4,0.275200,0.818043,3.422865,31000,0.187500,-0.835480,-0.330414
s19.csv,ch_5,0.244668,1.666181,3.183053,31000,-0.546372,1.817394,-0.268319
s19.csv,ch_6,0.244766,0.885315,3.167610,31000,-0.364083,-0.528886,-0.278806
s19.csv,ch_7,0.222038,2.808574,3.833892,31000,-1.129797,3.777213,-0.244404
s19.csv,ch_8,0.259128,1.067669,3.398292,31000,0.059030,-0.344337,-0.296378
s19.csv,ch_9,0.246212,1.168799,3.182057,31000,-0.377215,-0.039927,-0.384822
s19.csv,ch_10,0.252594,0.941940,3.193875,31000,-0.262571,-0.241227,-0.306091
s19.csv,ch_11,0.240880,1.513198,3.321294,31000,-0.596052,1.081949,-0.364389
s19.csv,ch_12,0.256994,1.241554,3.314730,31000,0.350022,-0.060306,-0.293021
s19.csv,ch_13,0.250375,1.277549,3.282344,31000,-0.232634,-0.071080,-0.242489
s19.csv,ch_14,0.246043,1.149639,3.339540,31000,-0.351132,-0.603836,-0.248314
s19.csv,ch_15,0.255389,1.207933,3.267074,31000,-0.187961,-0.578716,-0.169319
s19.csv,ch_16,0.248162,1.138679,3.168490,31000,-0.694906,-0.164437,-0.323344
s19.csv,ch_17,0.251266,1.194502,3.395347,31000,-0.245187,0.096461,-0.361804
s19.csv,ch_18,0.253578,1.185315,3.352708,31000,-0.103544,-0.346243,-0.400228
s20.csv,ch_0,0.246322,1.469387,3.997184,31000,-0.682996,0.773468,-0.360464
s20.csv,ch_1,0.278134,1.301277,3.312559,31000,0.086824,0.131799,-0.256815
s20.csv,ch_2,0.245681,1.419208,3.350066,31000,-0.531129,1.211202,-0.284401
s20.csv,ch_3,0.249776,1.443822,3.874977,31000,-0.463150,1.306359,-0.169508
s20.csv,ch_4,0.263029,1.049793,3.117018,31000,-0.144790,-0.100103,-0.343525
s20.csv,ch_5,0.250682,1.207085,3.124700,31000,-0.408310,0.258209,-0.269545
s20.csv,ch_6,0.262163,1.487268,3.510982,31000,0.029062,1.386181,-0.253770
s20.csv,ch_7,0.269363,1.225287,3.313700,31000,0.209046,0.009159,-0.276959
s20.csv,ch_8,0.250586,1.313642,3.128296,31000,-0.338669,0.686937,-0.353709
s20.csv,ch_9,0.255756,1.202535,3.232902,31000,0.021938,0.097233,-0.367625
s20.csv,ch_10,0.258843,1.203131,3.150103,31000,-0.019775,0.786265,-0.311821
s20.csv,ch_11,0.252045,1.036450,3.181054,31000,-0.255827,-0.458611,-0.391591
s20.csv,ch_12,0.247906,1.205453,3.196192,31000,-0.444049,-0.154299,-0.330099
s20.csv,ch_13,0.254661,1.083972,3.305973,31000,-0.113034,-0.561486,-0.240789
s20.csv,ch_14,0.251055,1.181020,3.284135,31000,-0.207951,-0.540785,-0.254109
s20.csv,ch_15,0.285264,1.174757,4.481207,31000,0.505069,-0.639537,-0.165176
s20.csv,ch_16,0.256019,1.474323,3.042267,31000,0.000723,1.256397,-0.354879
s20.csv,ch_17,0.255227,1.150954,3.266875,31000,0.204240,-0.080434,-0.433290
s20.csv,ch_18,0.245974,1.379621,3.321351,31000,-0.402276,0.182748,-0.412231
s21.csv,ch_0,0.323737,0.969527,5.038425,31000,0.784002,-0.695016,-0.277518
s21.csv,ch_1,0.285782,1.360224,4.781712,31000,0.247358,0.316410,-0.242014
s21.csv,ch_2,0.245266,0.992466,3.465782,31000,-0.547488,-0.669500,-0.274787
s21.csv,ch_3,0.238194,1.202579,3.309640,31000,-1.157450,0.153143,-0.248905
s21.csv,ch_4,0.269594,0.908655,3.342844,31000,0.034453,-0.547956,-0.333845
s21.csv,ch_5,0.249338,1.067779,3.529707,31000,-0.439169,-0.214904,-0.261036
s21.csv,ch_6,0.244528,0.779678,3.539552,31000,-0.369462,-0.864961,-0.251687
s21.csv,ch_7,0.251314,1.023156,3.618347,31000,-0.301588,-0.471891,-0.257894
s21.csv,ch_8,0.242137,1.042695,3.551835,31000,-0.731971,-0.449046,-0.263775
s21.csv,ch_9,0.243586,1.095292,3.443951,31000,-0.487039,-0.338786,-0.296243
s21.csv,ch_10,0.242816,0.753930,3.410615,31000,-0.642483,-0.980836,-0.277716
s21.csv,ch_11,0.247200,0.864061,3.560564,31000,-0.403474,-1.015671,-0.317978
s21.csv,ch_12,0.244895,0.973971,3.350442,31000,-0.707140,-0.756985,-0.281851
s21.csv,ch_13,0.236423,0.998015,3.323723,31000,-0.621941,-0.779249,-0.239513
s21.csv,ch_14,0.256958,1.225786,3.363457,31000,-0.039326,-0.450837,-0.245813
s21.csv,ch_15,0.278822,1.229162,3.715405,31000,0.355624,-0.539798,-0.167789
s21.csv,ch_16,0.247358,1.206605,3.415764,31000,-0.766083,0.123108,-0.261565
s21.csv,ch_17,0.242702,1.154649,3.431098,31000,-1.216751,-0.065423,-0.341911
s21.csv,ch_18,0.252146,1.209433,3.318901,31000,-0.159818,-0.280582,-0.413168
s22.csv,ch_0,0.348437,1.190983,8.148981,31000,1.252069,-0.044423,-0.029728
s22.csv,ch_1,0.317714,1.278780,4.116495,31000,0.917608,0.061342,-0.248716
s22.csv,ch_2,0.256351,1.303027,3.494080,31000,-0.110751,0.699176,-0.272436
s22.csv,ch_3,0.254033,1.602603,3.215609,31000,-0.207913,2.065380,-0.262111
s22.csv,ch_4,0.301561,1.021780,3.870244,31000,0.907188,-0.188992,-0.311236
s22.csv,ch_5,0.229667,1.119650,3.541114,31000,-0.890766,-0.038739,-0.260796
s22.csv,ch_6,0.255576,0.982232,3.350094,31000,-0.119796,-0.220552,-0.265501
s22.csv,ch_7,0.252162,1.596828,3.510061,31000,-0.277580,0.893386,-0.264671
s22.csv,ch_8,0.242661,1.229676,3.583110,31000,-0.707586,0.334897,-0.257134
s22.csv,ch_9,0.243769,1.275260,3.621631,31000,-0.479416,0.392913,-0.236147
s22.csv,ch_10,0.294232,1.003289,4.293100,31000,1.355235,0.000113,-0.162182
s22.csv,ch_11,0.255139,1.183829,7.078118,31000,-0.161541,0.017628,0.364311
s22.csv,ch_12,0.252189,1.121013,3.842141,31000,-0.069831,-0.374147,-0.128052
s22.csv,ch_13,0.236741,1.242353,4.801551,31000,-0.613077,-0.160244,-0.133243
s22.csv,ch_14,0.240707,1.321732,4.781670,31000,-0.503564,-0.258060,-0.097479
s22.csv,ch_15,0.263997,1.606459,5.189787,31000,0.011730,0.151883,-0.162759
s22.csv,ch_16,0.266528,1.425831,3.324933,31000,0.931039,1.051125,-0.284258
s22.csv,ch_17,0.248230,1.313570,3.612611,31000,-0.589667,0.580126,-0.240912
s22.csv,ch_18,0.242383,1.253390,4.792157,31000,-0.543381,-0.160911,0.150770
s23.csv,ch_0,0.285580,1.068950,3.224297,31000,0.060931,-0.402932,-0.422033
s23.csv,ch_1,0.256668,1.405555,3.027243,31000,-0.363737,0.458381,-0.259690
s23.csv,ch_2,0.249209,1.192460,3.152089,31000,-0.392106,0.211895,-0.300848
s23.csv,ch_3,0.254667,1.172525,3.237934,31000,-0.169911,0.009476,-0.258975
s23.csv,ch_4,0.246052,1.204225,3.256595,31000,-0.608269,0.389937,-0.337542
s23.csv,ch_5,0.267048,1.025138,3.213283,31000,-0.032579,-0.359720,-0.267684
s23.csv,ch_6,0.255868,1.088017,3.662743,31000,-0.113199,0.115995,-0.242705
s23.csv,ch_7,0.243744,1.160796,3.175927,31000,-0.515741,-0.144323,-0.285582
s23.csv,ch_8,0.254194,1.156635,3.209045,31000,-0.170693,0.028665,-0.336562
s23.csv,ch_9,0.249379,1.113798,3.318278,31000,-0.244754,-0.263546,-0.338749
s23.csv,ch_10,0.249533,1.022750,3.292092,31000,-0.381516,0.076668,-0.293232
s23.csv,ch_11,0.249314,1.114364,3.398076,31000,-0.339048,-0.206841,-0.349496
s23.csv,ch_12,0.248005,1.226385,3.350066,31000,-0.435423,-0.099801,-0.281968
s23.csv,ch_13,0.247895,1.271169,3.613999,31000,-0.301824,-0.087241,-0.218639
s23.csv,ch_14,0.256946,1.676713,3.431038,31000,-0.039674,0.455184,-0.238744
s23.csv,ch_15,0.251563,1.716288,3.495038,31000,-0.276698,0.353227,-0.168541
s23.csv,ch_16,0.246430,1.203381,3.199124,31000,-0.848225,0.109458,-0.315690
s23.csv,ch_17,0.248273,1.190925,3.197659,31000,-0.584784,0.081931,-0.471803
s23.csv,ch_18,0.245638,1.404607,3.299253,31000,-0.415490,0.250773,-0.420690
s24.csv,ch_0,0.368891,1.129756,15.753295,31000,1.639667,-0.224295,0.576039
s24.csv,ch_1,0.250759,1.084278,3.367809,31000,-0.487767,-0.547812,-0.256259
s24.csv,ch_2,0.255695,1.045850,3.915952,31000,-0.136564,-0.434232,-0.237388
s24.csv,ch_3,0.250676,1.037616,3.391119,31000,-0.409159,-0.635430,-0.237462
s24.csv,ch_4,0.273089,0.955886,3.576580,31000,0.129872,-0.398083,-0.323825
s24.csv,ch_5,0.286852,1.067549,3.441000,31000,0.422092,-0.215685,-0.262900
s24.csv,ch_6,0.257458,0.931948,3.390122,31000,-0.077272,-0.380528,-0.262582
s24.csv,ch_7,0.368269,1.169426,7.762643,31000,3.007106,-0.123785,0.001469
s24.csv,ch_8,0.255875,1.042713,3.400561,31000,-0.092413,-0.448971,-0.295896
s24.csv,ch_9,0.254499,1.061418,3.400532,31000,-0.030627,-0.476505,-0.310928
s24.csv,ch_10,0.238988,0.892210,3.386566,31000,-0.791229,-0.436858,-0.280864
s24.csv,ch_11,0.308138,0.876637,4.078939,31000,1.453539,-0.975032,-0.217430
s24.csv,ch_12,0.239638,1.203961,3.493478,31000,-1.166434,-0.158183,-0.237110
s24.csv,ch_13,0.245231,1.363328,3.424650,31000,-0.376161,0.146234,-0.232255
s24.csv,ch_14,0.435945,1.499719,6.842602,31000,5.073858,0.099559,0.118078
s24.csv,ch_15,0.278078,1.626788,3.675297,31000,0.338356,0.189150,-0.167926
s24.csv,ch_16,0.247137,1.089656,3.607209,31000,-0.785620,-0.371957,-0.213734
s24.csv,ch_17,0.250633,1.084298,3.376333,31000,-0.316961,-0.351196,-0.372384
s24.csv,ch_18,0.244998,1.314569,3.472786,31000,-0.440633,0.005646,-0.354264
s25.csv,ch_0,0.355816,1.171371,13.745159,31000,1.391899,-0.102039,0.416069
s25.csv,ch_1,0.345970,1.287325,7.288651,31000,1.510702,0.088103,-0.216758
s25.csv,ch_2,0.258053,1.253364,3.304776,31000,-0.043673,0.480306,-0.288163
s25.csv,ch_3,0.259777,1.294023,3.512400,31000,0.136383,0.590275,-0.220429
s25.csv,ch_4,0.254402,1.175832,3.892580,31000,-0.380319,0.299841,-0.310279
s25.csv,ch_5,0.312664,1.000064,6.589387,31000,1.014681,-0.444877,-0.196750
s25.csv,ch_6,0.257572,1.294055,3.269557,31000,-0.074689,0.771488,-0.271373
s25.csv,ch_7,0.281657,1.427105,7.014721,31000,0.556840,0.489464,-0.045339
s25.csv,ch_8,0.248461,1.584347,3.222303,31000,-0.437584,1.821902,-0.333747
s25.csv,ch_9,0.256779,1.634999,3.739991,31000,0.064705,1.855501,-0.196114
s25.csv,ch_10,0.237112,1.267593,2.983526,31000,-0.864117,1.039849,-0.333629
s25.csv,ch_11,0.282804,1.264215,4.772137,31000,0.681507,0.277385,-0.082973
s25.csv,ch_12,0.247784,2.251086,2.969294,31000,-0.454694,2.568107,-0.401070
s25.csv,ch_13,0.245331,2.160570,2.975624,31000,-0.373365,2.165967,-0.264545
s25.csv,ch_14,0.251784,1.564715,3.232350,31000,-0.187130,0.230152,-0.259525
s25.csv,ch_15,0.238842,1.943540,3.182268,31000,-0.571799,0.769837,-0.169608
s25.csv,ch_16,0.265620,1.271695,3.326585,31000,0.850699,0.398642,-0.283846
s25.csv,ch_17,0.245397,1.594447,3.316624,31000,-0.911075,1.721075,-0.405607
s25.csv,ch_18,0.251711,2.070117,3.073207,31000,-0.176887,2.062599,-0.507216
s26.csv,ch_0,0.406536,0.921204,49.862439,31000,2.353033,-0.836978,3.293205
s26.csv,ch_1,0.496418,0.864870,517.763305,31000,4.668573,-1.234964,4.926046
s26.csv,ch_2,0.309799,0.717957,5.148205,31000,1.995048,-1.879297,-0.135014
s26.csv,ch_3,0.329687,0.890259,6.257052,31000,4.327315,-1.339840,0.165034
s26.csv,ch_4,0.251645,0.770594,15.136718,31000,-0.455587,-0.986044,0.171732
s26.csv,ch_5,0.487994,0.736431,280.849750,31000,5.039893,-1.340231,5.565648
s26.csv,ch_6,0.264788,0.636686,3.448874,31000,0.088389,-1.319878,-0.258299
s26.csv,ch_7,0.250661,0.610833,5.526268,31000,-0.320057,-1.453178,-0.138490
s26.csv,ch_8,0.263591,0.757710,3.496583,31000,0.266794,-1.643881,-0.275507
s26.csv,ch_9,0.259346,0.800254,3.545014,31000,0.172064,-1.538317,-0.262061
s26.csv,ch_10,0.260847,0.647150,3.240499,31000,0.058075,-1.400894,-0.299987
s26.csv,ch_11,0.264250,0.625034,4.144385,31000,0.116109,-1.788062,-0.204736
s26.csv,ch_12,0.257215,0.819292,3.495341,31000,0.369325,-1.159706,-0.236527
s26.csv,ch_13,0.250773,0.875552,4.020382,31000,-0.221537,-1.089498,-0.189417
s26.csv,ch_14,0.251155,1.036570,3.791236,31000,-0.205112,-0.831020,-0.201070
s26.csv,ch_15,0.248880,1.111900,4.041353,31000,-0.338950,-0.754769,-0.166677
s26.csv,ch_16,0.298941,0.741396,4.199702,31000,3.800590,-1.846194,-0.065706
s26.csv,ch_17,0.254796,0.738956,3.604524,31000,0.155290,-1.754006,-0.245412
s26.csv,ch_18,0.255159,0.930889,3.537378,31000,-0.041435,-1.038910,-0.329539
s27.csv,ch_0,0.262971,1.273771,4.419916,31000,-0.367493,0.198790,-0.326789
s27.csv,ch_1,0.231473,1.625656,3.345635,31000,-0.892575,1.147704,-0.256482
s27.csv,ch_2,0.255430,1.054950,3.892761,31000,-0.147013,-0.394127,-0.239314
s27.csv,ch_3,0.251849,1.169229,4.345157,31000,-0.338837,-0.006278,-0.103476
s27.csv,ch_4,0.219511,1.217499,36.035569,31000,-1.332888,0.432056,1.067618
s27.csv,ch_5,0.242771,1.480710,11.328127,31000,-0.589925,1.187496,-0.097186
s27.csv,ch_6,0.293870,0.941036,8.128556,31000,0.745620,-0.351615,0.082914
s27.csv,ch_7,0.303294,1.375848,22.781030,31000,1.168955,0.367479,0.941364
s27.csv,ch_8,0.287939,0.954361,5.004297,31000,1.400251,-0.819395,0.044640
s27.csv,ch_9,0.246817,1.019988,4.443231,31000,-0.351910,-0.644945,0.041739
s27.csv,ch_10,0.213253,0.801674,5.705723,31000,-1.791132,-0.793018,0.022755
s27.csv,ch_11,0.376323,0.961584,10.155299,31000,3.531353,-0.700534,0.961183
s27.csv,ch_12,0.262237,0.886151,3.459491,31000,0.808058,-0.985634,-0.247741
s27.csv,ch_13,0.264418,0.950060,4.822195,31000,0.159225,-0.900739,-0.131759
s27.csv,ch_14,0.243998,0.931092,4.103591,31000,-0.409573,-1.042950,-0.168401
s27.csv,ch_15,0.271361,0.933265,4.661752,31000,0.182547,-1.082253,-0.164560
s27.csv,ch_16,0.245338,1.109822,3.605972,31000,-0.944923,-0.286591,-0.214044
s27.csv,ch_17,0.247224,1.012150,3.703924,31000,-0.703792,-0.644268,-0.190102
s27.csv,ch_18,0.328750,0.890365,5.005001,31000,2.849767,-1.149235,0.232242
s28.csv,ch_0,0.243353,1.973414,3.491304,31000,-0.739250,2.254193,-0.400763
s28.csv,ch_1,0.254787,1.978881,3.295780,31000,-0.403223,2.253954,-0.256984
s28.csv,ch_2,0.251328,1.080272,3.450590,31000,-0.308649,-0.282530,-0.276049
s28.csv,ch_3,0.252879,1.157413,3.384947,31000,-0.277102,-0.062764,-0.238329
s28.csv,ch_4,0.243705,1.222954,3.603084,31000,-0.672345,0.449365,-0.322689
s28.csv,ch_5,0.245449,1.538301,3.921392,31000,-0.528437,1.383087,-0.252806
s28.csv,ch_6,0.233723,1.120809,3.413388,31000,-0.613655,0.220321,-0.260886
s28.csv,ch_7,0.253709,1.057753,3.162498,31000,-0.233815,-0.389555,-0.286422
s28.csv,ch_8,0.236536,1.172038,3.315262,31000,-0.992719,0.093242,-0.314008
s28.csv,ch_9,0.241554,1.179922,3.401330,31000,-0.572052,0.005294,-0.310658
s28.csv,ch_10,0.233883,1.027646,4.647585,31000,-0.989600,0.095929,-0.115774
s28.csv,ch_11,0.235155,1.176228,4.124392,31000,-0.770535,-0.006935,-0.208614
s28.csv,ch_12,0.240170,1.270107,3.314126,31000,-1.120010,0.014034,-0.293210
s28.csv,ch_13,0.252011,1.193731,3.272854,31000,-0.186993,-0.283423,-0.243171
s28.csv,ch_14,0.235429,1.343573,3.495724,31000,-0.654358,-0.214175,-0.231978
s28.csv,ch_15,0.242727,1.578635,3.266894,31000,-0.481664,0.100874,-0.169319
s28.csv,ch_16,0.246595,1.163279,3.373592,31000,-0.833603,-0.060299,-0.272101
s28.csv,ch_17,0.242836,1.246793,3.436696,31000,-1.201547,0.308874,-0.338796
s28.csv,ch_18,0.248492,1.164238,3.234760,31000,-0.303352,-0.403625,-0.445376
s29.csv,ch_0,0.254577,1.475875,3.904765,31000,-0.526553,0.792529,-0.367827
s29.csv,ch_1,0.242620,1.506905,3.905545,31000,-0.658612,0.775795,-0.250841
s29.csv,ch_2,0.252676,1.423701,3.403879,31000,-0.255535,1.231003,-0.279930
s29.csv,ch_3,0.244483,1.420067,3.370097,31000,-0.780435,1.192806,-0.240414
s29.csv,ch_4,0.303161,1.216996,5.354502,31000,0.950864,0.430459,-0.247610
s29.csv,ch_5,0.239620,1.262843,3.424783,31000,-0.662270,0.447575,-0.263241
s29.csv,ch_6,0.251480,1.307349,3.345917,31000,-0.212351,0.813783,-0.265805
s29.csv,ch_7,0.248513,1.248311,3.476583,31000,-0.380817,0.063953,-0.266766
s29.csv,ch_8,0.239032,1.503059,3.167607,31000,-0.876559,1.481089,-0.345361
s29.csv,ch_9,0.237067,1.617067,3.333317,31000,-0.759678,1.782593,-0.333662
s29.csv,ch_10,0.252073,1.075871,3.427231,31000,-0.282827,0.285639,-0.275540
s29.csv,ch_11,0.246107,1.630100,4.083650,31000,-0.436763,1.459706,-0.216517
s29.csv,ch_12,0.249597,1.949689,3.202572,31000,-0.296344,1.783391,-0.328103
s29.csv,ch_13,0.259876,2.087732,3.419056,31000,0.032471,1.981440,-0.232658
s29.csv,ch_14,0.249373,2.640907,3.266844,31000,-0.256013,2.392482,-0.255917
s29.csv,ch_15,0.252080,3.077144,3.361592,31000,-0.264708,2.848021,-0.168996
s29.csv,ch_16,0.242391,1.493281,3.220395,31000,-1.205824,1.336648,-0.310376
s29.csv,ch_17,0.237113,1.722946,3.268089,31000,-1.850836,2.243049,-0.432614
s29.csv,ch_18,0.252607,2.204215,3.108164,31000,-0.141692,2.427677,-0.493835
s30.csv,ch_0,0.282060,0.889715,3.132038,31000,-0.005766,-0.929486,-0.429383
s30.csv,ch_1,0.282090,0.895564,3.412106,31000,0.169867,-1.138837,-0.255813
s30.csv,ch_2,0.263584,0.958167,3.147671,31000,0.174221,-0.820664,-0.301215
s30.csv,ch_3,0.260153,0.957681,3.204357,31000,0.158948,-1.017540,-0.263691
s30.csv,ch_4,0.279184,0.824714,3.083700,31000,0.296272,-0.814313,-0.344954
s30.csv,ch_5,0.309824,0.887503,4.918448,31000,0.949480,-0.827159,-0.231858
s30.csv,ch_6,0.252152,1.221561,4.765672,31000,-0.197171,0.540853,-0.162286
s30.csv,ch_7,0.251372,0.754244,3.292913,31000,-0.299939,-1.111875,-0.278260
s30.csv,ch_8,0.251808,1.262932,3.378450,31000,-0.281783,0.474326,-0.300591
s30.csv,ch_9,0.256829,1.479463,3.653498,31000,0.066824,1.223137,-0.225369
s30.csv,ch_10,0.250196,0.885253,3.263154,31000,-0.355746,-0.464226,-0.297021
s30.csv,ch_11,0.268905,0.890267,3.651016,31000,0.257962,-0.930986,-0.300434
s30.csv,ch_12,0.253147,1.156714,3.431564,31000,0.013828,-0.281196,-0.256476
s30.csv,ch_13,0.428059,1.210262,21.392838,31000,4.725394,-0.241543,1.059827
s30.csv,ch_14,0.264970,1.174684,4.062041,31000,0.189557,-0.553514,-0.172746
s30.csv,ch_15,0.284569,1.085763,3.983139,31000,0.488951,-0.802686,-0.166876
s30.csv,ch_16,0.261445,1.030655,3.241205,31000,0.481045,-0.621719,-0.305177
s30.csv,ch_17,0.248512,1.266226,3.857223,31000,-0.557584,0.387811,-0.104802
s30.csv,ch_18,0.234864,1.199134,11.384681,31000,-0.838778,-0.308622,2.674278
s31.csv,ch_0,0.474149,1.269647,56.537656,31000,3.634269,0.186674,3.824959
s31.csv,ch_1,0.253438,1.255889,44.279207,31000,-0.431533,-0.010350,0.155905
s31.csv,ch_2,0.237449,1.167235,45.472341,31000,-0.855461,0.100728,3.215060
s31.csv,ch_3,0.290601,1.146954,45.653723,31000,1.984222,-0.112761,5.697956
s31.csv,ch_4,0.355232,1.229332,38.958640,31000,2.372493,0.469604,1.192923
s31.csv,ch_5,0.244647,1.173846,68.781107,31000,-0.546845,0.145322,1.109941
s31.csv,ch_6,0.244421,0.792397,15.998394,31000,-0.371879,-0.824498,0.656732
s31.csv,ch_7,0.215215,1.477687,98.319700,31000,-1.322811,0.609843,5.668796
s31.csv,ch_8,0.367416,1.122319,26.899021,31000,5.100212,-0.115209,4.693744
s31.csv,ch_9,0.263957,1.227854,20.163061,31000,0.364910,0.200172,5.358587
s31.csv,ch_10,0.314616,0.991433,47.678786,31000,2.147236,-0.046528,5.517780
s31.csv,ch_11,0.387575,1.141071,33.395439,31000,3.874245,-0.120540,5.469005
s31.csv,ch_12,0.289457,1.081597,22.169767,31000,3.186359,-0.476770,5.604669
s31.csv,ch_13,0.253301,1.127537,10.527007,31000,-0.150991,-0.451118,0.278471
s31.csv,ch_14,0.261256,1.108192,12.344142,31000,0.083445,-0.687113,0.693494
s31.csv,ch_15,0.246420,1.114284,8.703972,31000,-0.396014,-0.750399,-0.150769
s31.csv,ch_16,0.247399,1.119904,26.676709,31000,-0.762448,-0.243913,5.549941
s31.csv,ch_17,0.257848,1.174192,12.448740,31000,0.501620,0.013962,4.675772
s31.csv,ch_18,0.254114,1.258420,9.919755,31000,-0.082462,-0.147216,2.113529
s32.csv,ch_0,0.269071,1.599486,9.110179,31000,-0.251903,1.155672,0.046842
s32.csv,ch_1,0.250240,1.170922,3.979972,31000,-0.498664,-0.276454,-0.250092
s32.csv,ch_2,0.378630,1.331631,63.355173,31000,4.706958,0.825240,4.700740
s32.csv,ch_3,0.252249,1.216159,4.891682,31000,-0.314854,0.218060,-0.026721
s32.csv,ch_4,0.315649,0.954004,41.158191,31000,1.291803,-0.404055,1.287213
s32.csv,ch_5,0.257294,1.117429,3.341526,31000,-0.256499,-0.046282,-0.264990
s32.csv,ch_6,0.303149,1.108381,20.303630,31000,0.955326,0.180781,0.970643
s32.csv,ch_7,0.246795,1.304632,4.142779,31000,-0.429419,0.197990,-0.225073
s32.csv,ch_8,0.265110,1.401271,19.327157,31000,0.337510,1.054331,3.085942
s32.csv,ch_9,0.243649,1.337711,4.203938,31000,-0.484419,0.646818,-0.039196
s32.csv,ch_10,0.301046,1.242757,4.596387,31000,1.619976,0.942147,-0.122477
s32.csv,ch_11,0.251150,1.936529,3.018333,31000,-0.283099,2.449901,-0.423153
s32.csv,ch_12,0.254367,1.683724,4.119298,31000,0.120465,1.090925,-0.041359
s32.csv,ch_13,0.252689,1.774023,3.379935,31000,-0.168073,1.186688,-0.235471
s32.csv,ch_14,0.239794,2.575442,3.449271,31000,-0.529665,2.260948,-0.236837
s32.csv,ch_15,0.247367,2.301256,3.282282,31000,-0.374032,1.425622,-0.169267
s32.csv,ch_16,0.251270,1.226963,8.950030,31000,-0.419770,0.209286,1.121114
s32.csv,ch_17,0.250860,1.424561,5.220218,31000,-0.291243,1.030984,0.653608
s32.csv,ch_18,0.251692,1.726348,3.795882,31000,-0.177620,1.126702,-0.230588
s33.csv,ch_0,0.265782,0.839119,3.073859,31000,-0.314221,-1.078127,-0.434017
s33.csv,ch_1,0.255409,0.970714,3.028086,31000,-0.390175,-0.903477,-0.259681
s33.csv,ch_2,0.253287,0.923601,3.158280,31000,-0.231448,-0.973000,-0.300334
s33.csv,ch_3,0.252480,0.938141,3.175515,31000,-0.301041,-1.110950,-0.267742
s33.csv,ch_4,0.256273,0.938554,3.185154,31000,-0.329234,-0.453082,-0.340605
s33.csv,ch_5,0.258092,0.998572,3.245543,31000,-0.238188,-0.449945,-0.267006
s33.csv,ch_6,0.246338,0.822925,3.237482,31000,-0.328557,-0.727375,-0.273712
s33.csv,ch_7,0.253967,0.958817,3.808316,31000,-0.226519,-0.625012,-0.246005
s33.csv,ch_8,0.252854,0.929802,3.239937,31000,-0.233081,-0.922364,-0.330003
s33.csv,ch_9,0.256076,1.000684,3.326445,31000,0.035325,-0.723431,-0.335986
s33.csv,ch_10,0.247473,0.762579,3.185697,31000,-0.461540,-0.946809,-0.307161
s33.csv,ch_11,0.243533,0.987050,3.493631,31000,-0.515220,-0.618244,-0.330961
s33.csv,ch_12,0.247569,0.901451,3.513044,31000,-0.473507,-0.945798,-0.230990
s33.csv,ch_13,0.250046,1.031670,3.546925,31000,-0.241806,-0.693989,-0.223463
s33.csv,ch_14,0.249169,1.070553,3.411070,31000,-0.261835,-0.762739,-0.240833
s33.csv,ch_15,0.243391,1.016191,3.386129,31000,-0.466275,-0.930228,-0.168913
s33.csv,ch_16,0.254261,0.907877,3.214995,31000,-0.154899,-1.141454,-0.311725
s33.csv,ch_17,0.251497,0.967896,3.187772,31000,-0.218969,-0.824031,-0.477305
s33.csv,ch_18,0.247009,0.959172,3.572494,31000,-0.361603,-0.961908,-0.316097
s34.csv,ch_0,0.263360,1.178024,3.758463,31000,-0.360121,-0.082494,-0.379481
s34.csv,ch_1,0.253980,1.249294,3.614847,31000,-0.420162,-0.031005,-0.253770
s34.csv,ch_2,0.241964,1.383611,3.721318,31000,-0.677577,1.054322,-0.253558
s34.csv,ch_3,0.235180,1.199732,3.695055,31000,-1.338099,0.139534,-0.194777
s34.csv,ch_4,0.240734,1.054808,3.821677,31000,-0.753476,-0.084189,-0.313318
s34.csv,ch_5,0.263900,1.207045,3.757498,31000,-0.104850,0.258073,-0.256250
s34.csv,ch_6,0.242104,1.418348,3.529007,31000,-0.424246,1.166916,-0.252456
s34.csv,ch_7,0.241433,1.093250,3.517654,31000,-0.581103,-0.305076,-0.264195
s34.csv,ch_8,0.242191,1.317274,3.457198,31000,-0.729473,0.702163,-0.283870
s34.csv,ch_9,0.238172,1.461924,3.195967,31000,-0.713471,1.151829,-0.380117
s34.csv,ch_10,0.246813,1.238100,3.862920,31000,-0.487200,0.923826,-0.218501
s34.csv,ch_11,0.246258,1.284610,3.386521,31000,-0.432170,0.343291,-0.351737
s34.csv,ch_12,0.249537,1.406052,3.558420,31000,-0.301594,0.367978,-0.216797
s34.csv,ch_13,0.240888,1.400441,3.385172,31000,-0.497357,0.240256,-0.235094
s34.csv,ch_14,0.243165,1.711500,3.366411,31000,-0.433368,0.525079,-0.245504
s34.csv,ch_15,0.231332,1.917899,3.239838,31000,-0.746005,0.722830,-0.169412
s34.csv,ch_16,0.266011,1.390952,5.203247,31000,0.885290,0.903475,0.185019
s34.csv,ch_17,0.236520,1.322695,3.372343,31000,-1.918104,0.617193,-0.374604
s34.csv,ch_18,0.255968,1.455002,3.544850,31000,-0.009624,0.387972,-0.326679
s35.csv,ch_0,0.253837,1.439601,3.186763,31000,-0.540590,0.685964,-0.425023
s35.csv,ch_1,0.239713,1.388187,3.929949,31000,-0.719624,0.403987,-0.250595
s35.csv,ch_2,0.245466,1.336391,3.387158,31000,-0.539604,0.846218,-0.281319
s35.csv,ch_3,0.249003,1.407520,3.380542,31000,-0.509444,1.132823,-0.238947
s35.csv,ch_4,0.237639,1.554556,3.367729,31000,-0.837973,1.501592,-0.332778
s35.csv,ch_5,0.242442,1.265670,3.448640,31000,-0.597487,0.457174,-0.262739
s35.csv,ch_6,0.256194,1.260507,3.345005,31000,-0.105838,0.664758,-0.265872
s35.csv,ch_7,0.255427,1.258638,3.254046,31000,-0.185221,0.088531,-0.280693
s35.csv,ch_8,0.258382,1.258776,3.334579,31000,0.024294,0.456904,-0.309907
s35.csv,ch_9,0.252869,1.283381,3.270732,31000,-0.098798,0.425928,-0.354830
s35.csv,ch_10,0.275839,1.311512,5.292098,31000,0.640571,1.212619,-0.031396
s35.csv,ch_11,0.261372,1.272865,3.706167,31000,0.028401,0.305338,-0.289736
s35.csv,ch_12,0.250485,1.272075,3.386487,31000,-0.218706,0.019158,-0.270576
s35.csv,ch_13,0.254301,1.275614,3.364099,31000,-0.123072,-0.075980,-0.236610
s35.csv,ch_14,0.251591,1.394655,3.531470,31000,-0.192656,-0.111539,-0.228240
s35.csv,ch_15,0.254769,1.412432,3.470198,31000,-0.202345,-0.203817,-0.168626
s35.csv,ch_16,0.249477,1.462921,3.668712,31000,-0.578506,1.208133,-0.198369
s35.csv,ch_17,0.257363,1.331154,3.377688,31000,0.446537,0.651554,-0.371630
s35.csv,ch_18,0.253693,1.288766,3.432247,31000,-0.099007,-0.064601,-0.369781
